"V1","V2","V3","V4","V5","V6","V7","V8"
29,21,30,20,1,0,0,0
48,26,35,39,0,0,0,0
10,50,29,47,0,0,1,0
3,15,13,37,0,0,0,1
23,35,47,15,0,0,0,0
27,45,3,19,0,0,0,0
17,19,21,18,0,0,0,0
34,40,7,13,0,0,0,0
48,48,12,1,0,0,0,0
2,37,8,22,0,1,0,0
12,18,31,8,0,0,0,0
24,35,46,2,0,0,0,0
27,36,20,34,0,0,0,0
40,23,49,2,0,0,0,0
26,19,18,49,0,0,0,0
13,33,42,13,0,1,0,0
39,47,6,3,0,0,1,0
48,8,4,48,0,0,0,0
26,21,37,9,0,0,1,0
33,35,50,21,1,0,0,0
14,7,8,39,0,0,0,0
35,27,26,22,0,0,0,0
36,22,38,49,0,0,0,0
8,36,3,23,0,0,0,0
6,31,29,10,1,0,1,0
12,33,5,7,0,1,0,0
15,3,10,34,0,0,0,0
28,32,28,18,0,0,0,0
24,39,42,23,0,0,0,0
49,41,17,30,0,0,0,0
12,4,42,50,0,0,0,0
15,4,50,45,0,0,0,0
36,49,23,4,0,0,0,0
34,46,9,42,0,0,0,0
45,13,36,16,0,0,0,1
35,9,23,45,0,0,0,0
6,33,28,1,1,1,0,0
27,33,16,30,0,1,1,0
5,2,48,2,0,0,0,0
24,27,36,14,0,0,0,0
35,1,42,49,0,0,0,0
8,21,21,49,0,0,0,0
50,25,40,41,0,0,0,0
15,16,21,6,0,1,0,1
8,47,10,24,0,0,0,0
37,22,6,42,1,0,1,0
12,24,23,48,0,0,0,0
25,44,33,34,0,0,1,0
36,45,21,27,0,0,0,0
21,34,41,8,0,0,0,0
27,21,22,11,0,0,0,0
36,19,33,22,0,0,1,0
43,26,42,49,1,0,0,0
43,50,8,48,1,0,0,0
27,7,15,11,0,0,0,0
28,3,48,42,0,0,0,0
8,6,16,46,0,1,1,0
2,5,49,3,0,0,0,0
45,20,26,2,0,0,0,0
19,34,10,29,0,0,0,1
11,31,28,45,0,0,0,0
41,42,34,9,0,0,0,0
46,26,5,41,0,0,0,0
42,14,30,4,0,0,0,0
46,19,40,50,0,0,0,0
8,36,37,37,0,0,1,1
16,2,49,25,1,0,0,0
14,22,35,13,0,0,0,0
4,44,25,4,0,0,0,0
43,49,11,28,1,0,0,0
42,32,49,3,0,0,0,0
16,48,38,28,1,0,0,0
3,47,39,36,0,0,0,0
25,39,34,23,0,0,0,0
39,37,32,37,0,1,0,1
33,12,38,15,1,0,0,0
47,30,37,31,0,0,1,0
39,1,27,20,0,0,0,0
19,47,40,15,0,0,0,0
36,7,15,9,0,0,0,0
39,20,50,19,0,0,0,0
38,23,1,49,0,0,0,0
30,26,9,9,0,0,0,0
36,20,18,45,0,0,0,0
30,36,49,36,0,0,0,0
36,39,15,25,0,0,0,0
8,50,27,42,0,0,0,0
23,8,20,30,0,0,0,0
2,38,7,12,0,0,0,0
2,49,45,10,0,0,0,0
22,12,29,13,0,0,1,0
22,30,22,33,0,0,0,1
47,47,2,5,0,0,0,0
9,50,36,34,0,0,0,0
9,8,10,10,0,0,0,0
33,46,29,23,1,0,1,0
6,2,32,35,1,0,0,0
28,2,30,15,0,0,0,0
20,9,2,21,0,0,0,0
44,10,27,19,0,0,0,0
26,33,10,15,0,1,0,0
42,2,21,34,0,0,0,0
46,15,23,45,0,0,0,0
34,31,46,13,0,0,0,0
23,34,32,43,0,0,0,1
31,11,39,41,0,0,0,0
23,19,3,40,0,0,0,0
13,7,49,34,0,0,0,0
20,5,1,25,0,0,0,0
42,38,19,6,0,0,0,1
47,23,41,3,0,0,0,0
8,1,27,43,0,0,0,1
13,35,1,44,0,0,0,0
28,25,27,39,0,0,0,0
37,19,14,22,1,0,0,0
3,45,36,47,0,0,0,0
35,2,17,24,0,0,0,0
32,34,21,23,0,0,0,0
21,23,28,7,0,0,0,0
28,49,45,47,0,0,0,0
11,13,14,27,0,0,0,0
19,47,43,24,0,0,1,0
4,31,30,8,0,0,0,0
18,18,6,45,0,0,1,0
28,44,13,13,0,0,0,0
25,26,11,39,0,0,0,0
50,50,5,27,0,0,0,0
32,15,28,38,0,0,0,0
28,16,27,27,0,1,0,0
27,11,20,15,0,0,0,0
3,48,39,38,0,0,0,0
32,15,42,24,0,0,0,0
50,28,11,9,0,0,0,0
50,14,31,35,0,0,0,0
5,45,24,6,0,0,0,1
41,17,8,25,0,0,0,0
15,3,42,29,0,0,0,1
20,37,27,5,0,1,0,0
30,16,20,8,0,1,0,0
4,36,30,10,0,0,0,0
16,2,7,36,1,0,0,0
46,37,37,25,0,1,1,0
15,26,39,42,0,0,0,0
48,47,11,32,0,0,0,0
22,41,9,7,0,0,0,0
5,49,20,47,0,0,0,0
22,28,21,1,0,0,0,0
43,40,3,34,1,0,0,0
23,24,19,31,0,0,0,0
40,6,13,38,0,1,0,0
16,5,7,10,1,0,0,0
6,12,28,25,1,0,0,0
42,1,29,44,0,0,1,0
46,40,3,41,0,0,0,0
42,1,42,1,0,0,0,0
44,34,45,35,0,0,0,0
20,31,34,12,0,0,0,0
49,28,3,50,0,0,0,0
44,30,49,2,0,0,0,0
41,17,35,28,0,0,0,0
43,46,22,22,1,0,0,0
5,17,5,35,0,0,0,0
30,6,49,17,0,1,0,0
22,11,19,43,0,0,0,1
26,41,37,35,0,0,1,0
18,21,44,15,0,0,0,0
31,42,38,16,0,0,0,1
47,5,43,38,0,0,1,0
28,30,24,3,0,0,0,0
2,30,14,45,0,0,0,0
35,19,14,24,0,0,0,0
5,43,16,33,0,1,1,1
36,27,40,50,0,0,0,0
1,49,45,5,0,0,0,0
3,17,42,16,0,0,0,1
43,38,21,13,1,0,0,0
40,10,40,22,0,0,0,0
32,12,3,42,0,0,0,0
19,19,32,37,0,0,0,1
28,49,29,38,0,0,1,0
35,42,6,25,0,0,1,0
4,16,36,43,0,1,0,1
14,14,44,25,0,0,0,0
6,45,4,19,1,0,0,0
30,39,45,47,0,0,0,0
40,50,30,39,0,0,0,0
18,40,13,33,0,0,0,1
31,11,21,47,0,0,0,0
19,22,45,31,0,0,0,0
9,9,40,16,0,0,0,1
41,5,24,42,0,0,0,0
39,19,25,28,0,0,0,0
18,37,25,5,0,1,0,0
50,7,26,16,0,0,0,1
23,41,46,32,0,0,0,0
1,1,36,2,0,0,0,0
20,48,37,22,0,0,1,0
44,5,4,35,0,0,0,0
14,26,2,36,0,0,0,0
49,35,11,25,0,0,0,0
40,2,37,44,0,0,1,0
10,19,3,49,0,0,0,0
10,48,50,47,0,0,0,0
46,31,5,15,0,0,0,0
18,31,45,46,0,0,0,0
30,27,26,43,0,0,0,1
3,37,10,8,0,1,0,0
3,18,25,46,0,0,0,0
18,32,19,41,0,0,0,0
43,11,13,13,1,0,0,0
43,6,32,17,1,1,0,0
48,34,13,42,0,0,0,0
14,31,18,33,0,0,0,1
29,5,35,13,1,0,0,0
3,3,11,44,0,0,0,0
40,32,36,10,0,0,0,0
25,36,31,6,0,0,0,1
16,48,36,15,1,0,0,0
25,31,36,43,0,0,0,1
14,9,11,34,0,0,0,0
10,14,4,13,0,0,0,0
37,21,46,31,1,0,0,0
28,37,41,40,0,1,0,0
9,39,21,1,0,0,0,0
17,44,17,42,0,0,0,0
32,28,5,39,0,0,0,0
32,46,44,9,0,0,0,0
20,9,42,11,0,0,0,0
39,36,3,13,0,0,0,0
44,38,13,3,0,0,0,0
10,49,6,27,0,0,1,0
46,47,33,23,0,0,1,0
28,13,24,25,0,0,0,0
33,14,14,27,1,0,0,0
18,19,18,27,0,0,0,0
24,45,8,31,0,0,0,0
21,12,15,16,0,0,0,1
47,38,41,34,0,0,0,0
31,26,19,4,0,0,0,0
30,43,18,45,0,1,0,0
8,20,6,22,0,0,1,0
33,23,11,15,1,0,0,0
22,24,44,1,0,0,0,0
9,11,19,33,0,0,0,1
16,12,50,10,1,0,0,0
12,13,24,23,0,0,0,0
37,3,2,2,1,0,0,0
22,40,10,40,0,0,0,0
29,16,8,16,1,1,0,1
46,10,29,41,0,0,1,0
3,19,11,3,0,0,0,0
43,38,8,6,1,0,0,1
40,11,32,10,0,0,0,0
9,2,36,42,0,0,0,0
47,23,3,17,0,0,0,0
49,38,45,26,0,0,0,0
23,19,31,18,0,0,0,0
17,45,22,41,0,0,0,0
45,38,27,2,0,0,0,0
41,44,44,16,0,0,0,1
46,31,34,14,0,0,0,0
23,50,12,46,0,0,0,0
26,21,16,34,0,0,1,0
3,25,2,18,0,0,0,0
39,29,22,23,0,1,0,0
27,8,49,27,0,0,0,0
19,20,27,3,0,0,0,0
12,1,13,1,0,0,0,0
44,30,2,44,0,0,0,0
6,4,4,38,1,0,0,0
7,50,14,42,0,0,0,0
25,48,42,1,0,0,0,0
5,40,31,5,0,0,0,0
42,6,42,45,0,1,0,0
14,48,8,12,0,0,0,0
13,25,6,35,0,0,1,0
27,19,30,50,0,0,0,0
41,2,7,46,0,0,0,0
20,45,33,15,0,0,1,0
44,9,2,23,0,0,0,0
47,9,8,38,0,0,0,0
1,20,5,16,0,0,0,1
12,4,24,47,0,0,0,0
23,33,45,37,0,1,0,1
19,22,10,29,0,0,0,1
9,39,36,23,0,0,0,0
9,17,4,16,0,0,0,1
30,16,25,12,0,1,0,0
40,46,38,21,0,0,0,0
29,36,49,39,1,0,0,0
22,27,6,21,0,0,1,0
32,25,11,19,0,0,0,0
38,47,46,37,0,0,0,1
26,34,5,37,0,0,0,1
10,43,5,18,0,1,0,0
27,42,27,24,0,0,0,0
11,23,30,5,0,0,0,0
43,39,23,43,1,0,0,1
6,14,43,5,1,0,1,0
14,35,31,7,0,0,0,0
46,5,40,21,0,0,0,0
38,44,39,48,0,0,0,0
36,26,16,17,0,0,1,0
47,13,41,26,0,0,0,0
36,36,32,39,0,0,0,0
50,21,43,20,0,0,1,0
29,42,37,38,1,0,1,0
3,7,7,11,0,0,0,0
29,49,26,22,1,0,0,0
47,50,9,30,0,0,0,0
26,45,4,40,0,0,0,0
44,40,38,40,0,0,0,0
42,9,46,4,0,0,0,0
21,39,47,1,0,0,0,0
20,4,37,30,0,0,1,0
4,17,21,45,0,0,0,0
27,38,40,8,0,0,0,0
32,23,49,38,0,0,0,0
16,19,30,6,1,0,0,1
15,27,43,10,0,0,1,0
15,27,38,35,0,0,0,0
50,24,23,19,0,0,0,0
21,10,38,25,0,0,0,0
45,36,6,14,0,0,1,0
22,10,19,11,0,0,0,0
34,4,46,31,0,0,0,0
39,14,26,12,0,0,0,0
11,46,41,18,0,0,0,0
17,37,43,24,0,1,1,0
12,39,33,22,0,0,1,0
35,46,29,27,0,0,1,0
48,15,42,18,0,0,0,0
39,33,23,23,0,1,0,0
25,2,2,1,0,0,0,0
30,44,15,1,0,0,0,0
2,48,35,29,0,0,0,1
6,10,17,20,1,0,0,0
4,13,14,30,0,0,0,0
4,32,14,3,0,0,0,0
36,31,14,8,0,0,0,0
2,18,31,28,0,0,0,0
41,30,37,20,0,0,1,0
3,37,38,14,0,1,0,0
38,33,28,44,0,1,0,0
29,48,2,43,1,0,0,1
21,28,48,20,0,0,0,0
34,28,45,6,0,0,0,1
22,33,8,28,0,1,0,0
45,7,17,33,0,0,0,1
13,18,43,26,0,0,1,0
31,30,7,36,0,0,0,0
16,16,1,29,1,1,0,1
13,40,26,31,0,0,0,0
8,48,21,40,0,0,0,0
37,26,6,22,1,0,1,0
26,14,7,9,0,0,0,0
24,28,46,26,0,0,0,0
44,26,28,32,0,0,0,0
8,7,23,40,0,0,0,0
50,14,26,12,0,0,0,0
10,4,9,10,0,0,0,0
29,14,14,46,1,0,0,0
49,12,4,20,0,0,0,0
19,2,43,32,0,0,1,0
39,39,29,23,0,0,1,0
15,32,9,10,0,0,0,0
27,13,28,45,0,0,0,0
44,6,37,28,0,1,1,0
41,30,36,2,0,0,0,0
11,47,7,25,0,0,0,0
36,25,4,4,0,0,0,0
6,20,4,17,1,0,0,0
43,48,23,43,1,0,0,1
5,32,48,7,0,0,0,0
5,42,12,12,0,0,0,0
22,20,8,43,0,0,0,1
41,6,14,26,0,1,0,0
6,19,28,12,1,0,0,0
10,49,25,38,0,0,0,0
33,28,34,15,1,0,0,0
4,8,30,42,0,0,0,0
9,40,22,48,0,0,0,0
24,39,13,8,0,0,0,0
14,3,14,49,0,0,0,0
37,43,47,37,1,1,0,1
15,47,21,6,0,0,0,1
15,10,20,7,0,0,0,0
15,48,26,6,0,0,0,1
12,16,9,34,0,1,0,0
48,9,12,17,0,0,0,0
5,3,41,48,0,0,0,0
44,28,22,28,0,0,0,0
29,40,16,35,1,0,1,0
19,29,3,19,0,1,0,0
19,24,1,18,0,0,0,0
22,1,3,48,0,0,0,0
41,16,45,44,0,1,0,0
22,40,9,39,0,0,0,0
16,20,49,19,1,0,0,0
14,48,40,9,0,0,0,0
14,36,29,14,0,0,1,0
20,14,10,36,0,0,0,0
15,20,19,34,0,0,0,0
36,45,50,17,0,0,0,0
26,40,33,34,0,0,1,0
5,12,50,2,0,0,0,0
39,18,16,18,0,0,1,0
42,27,41,42,0,0,0,0
7,12,12,29,0,0,0,1
10,43,49,44,0,1,0,0
38,41,47,48,0,0,0,0
11,1,41,38,0,0,0,0
26,26,31,12,0,0,0,0
18,35,28,35,0,0,0,0
18,39,48,22,0,0,0,0
36,41,19,41,0,0,0,0
50,16,22,46,0,1,0,0
9,21,19,33,0,0,0,1
3,4,6,11,0,0,1,0
30,45,17,30,0,0,0,0
19,33,10,22,0,1,0,0
49,11,13,37,0,0,0,1
28,1,6,43,0,0,1,1
25,45,11,9,0,0,0,0
3,43,32,31,0,1,0,0
44,21,37,48,0,0,1,0
4,50,1,21,0,0,0,0
49,29,5,11,0,1,0,0
4,14,40,10,0,0,0,0
29,13,18,3,1,0,0,0
42,3,23,50,0,0,0,0
26,14,8,11,0,0,0,0
22,5,20,32,0,0,0,0
26,15,47,49,0,0,0,0
47,43,14,46,0,1,0,0
50,4,27,2,0,0,0,0
17,43,27,18,0,1,0,0
40,20,37,41,0,0,1,0
40,18,44,2,0,0,0,0
40,4,8,16,0,0,0,1
9,9,39,13,0,0,0,0
17,47,24,39,0,0,0,0
42,22,35,2,0,0,0,0
18,30,37,49,0,0,1,0
7,41,7,22,0,0,0,0
11,17,27,22,0,0,0,0
23,23,32,1,0,0,0,0
22,47,24,1,0,0,0,0
22,23,8,30,0,0,0,0
44,49,23,18,0,0,0,0
28,4,33,14,0,0,1,0
50,29,22,14,0,1,0,0
4,12,21,22,0,0,0,0
41,24,19,28,0,0,0,0
50,47,34,49,0,0,0,0
12,16,22,38,0,1,0,0
40,41,42,20,0,0,0,0
36,6,4,28,0,1,0,0
41,46,18,12,0,0,0,0
21,38,5,16,0,0,0,1
14,1,22,49,0,0,0,0
37,8,41,14,1,0,0,0
18,40,18,16,0,0,0,1
32,12,30,33,0,0,0,1
33,20,17,7,1,0,0,0
33,37,6,33,1,1,1,1
4,15,20,26,0,0,0,0
22,18,27,28,0,0,0,0
20,15,1,17,0,0,0,0
38,7,7,2,0,0,0,0
19,17,39,10,0,0,0,0
44,7,50,31,0,0,0,0
50,29,47,24,0,1,0,0
20,24,41,24,0,0,0,0
31,12,31,24,0,0,0,0
4,28,45,25,0,0,0,0
8,29,12,46,0,1,0,0
44,29,3,37,0,1,0,1
10,9,42,4,0,0,0,0
30,13,14,31,0,0,0,0
45,16,18,16,0,1,0,1
42,24,32,40,0,0,0,0
24,37,23,40,0,1,0,0
40,14,24,40,0,0,0,0
22,12,5,45,0,0,0,0
42,10,35,7,0,0,0,0
19,10,47,12,0,0,0,0
7,1,43,31,0,0,1,0
49,32,21,32,0,0,0,0
4,18,20,46,0,0,0,0
16,10,32,26,1,0,0,0
17,46,8,43,0,0,0,1
22,38,31,35,0,0,0,0
16,6,33,29,1,1,1,1
16,43,26,14,1,1,0,0
41,47,11,46,0,0,0,0
17,34,22,27,0,0,0,0
43,24,25,47,1,0,0,0
25,29,49,50,0,1,0,0
2,24,34,23,0,0,0,0
13,5,21,4,0,0,0,0
7,48,45,36,0,0,0,0
39,34,49,10,0,0,0,0
42,43,43,16,0,1,1,1
34,33,31,25,0,1,0,0
40,41,18,40,0,0,0,0
9,34,47,48,0,0,0,0
13,44,49,8,0,0,0,0
27,24,31,7,0,0,0,0
40,47,2,42,0,0,0,0
25,47,46,30,0,0,0,0
23,17,33,28,0,0,1,0
39,1,43,28,0,0,1,0
2,11,41,14,0,0,0,0
48,11,42,49,0,0,0,0
49,7,48,3,0,0,0,0
29,25,11,31,1,0,0,0
47,9,13,30,0,0,0,0
20,36,16,7,0,0,1,0
13,27,17,30,0,0,0,0
44,38,38,25,0,0,0,0
46,13,30,6,0,0,0,1
28,22,18,15,0,0,0,0
3,32,6,40,0,0,1,0
43,10,11,36,1,0,0,0
13,29,12,12,0,1,0,0
23,48,42,47,0,0,0,0
15,37,48,43,0,1,0,1
27,26,7,43,0,0,0,1
11,39,7,18,0,0,0,0
34,18,45,48,0,0,0,0
19,2,23,33,0,0,0,1
49,46,26,29,0,0,0,1
4,26,35,29,0,0,0,1
21,17,12,28,0,0,0,0
40,36,24,42,0,0,0,0
21,30,1,14,0,0,0,0
12,28,41,1,0,0,0,0
16,42,11,15,1,0,0,0
13,29,3,27,0,1,0,0
49,21,12,25,0,0,0,0
50,44,19,12,0,0,0,0
4,49,10,30,0,0,0,0
38,11,10,38,0,0,0,0
1,22,43,12,0,0,1,0
13,9,9,8,0,0,0,0
26,35,27,3,0,0,0,0
47,13,28,28,0,0,0,0
46,22,47,4,0,0,0,0
10,18,33,43,0,0,1,1
14,39,7,32,0,0,0,0
19,22,45,23,0,0,0,0
45,39,48,36,0,0,0,0
45,19,37,6,0,0,1,1
42,26,32,44,0,0,0,0
44,6,19,27,0,1,0,0
11,17,35,22,0,0,0,0
15,45,20,12,0,0,0,0
7,19,19,17,0,0,0,0
27,13,9,43,0,0,0,1
8,7,13,1,0,0,0,0
12,15,22,13,0,0,0,0
41,20,23,28,0,0,0,0
37,49,49,12,1,0,0,0
42,36,11,45,0,0,0,0
1,29,19,1,0,1,0,0
37,46,35,37,1,0,0,1
39,16,48,50,0,1,0,0
42,27,6,4,0,0,1,0
7,33,42,18,0,1,0,0
13,33,1,31,0,1,0,0
48,25,11,38,0,0,0,0
5,36,18,2,0,0,0,0
29,27,27,24,1,0,0,0
36,40,3,44,0,0,0,0
13,32,3,50,0,0,0,0
39,45,9,29,0,0,0,1
47,22,29,50,0,0,1,0
1,16,49,8,0,1,0,0
37,21,39,50,1,0,0,0
13,20,11,30,0,0,0,0
44,7,40,48,0,0,0,0
22,26,48,5,0,0,0,0
33,38,11,48,1,0,0,0
27,11,29,30,0,0,1,0
34,18,33,45,0,0,1,0
30,22,24,2,0,0,0,0
13,16,36,39,0,1,0,0
46,4,17,33,0,0,0,1
16,6,20,38,1,1,0,0
38,37,38,41,0,1,0,0
9,7,39,5,0,0,0,0
24,33,29,29,0,1,1,1
49,30,11,7,0,0,0,0
10,45,45,20,0,0,0,0
20,12,24,19,0,0,0,0
27,7,32,13,0,0,0,0
10,50,15,49,0,0,0,0
30,46,24,18,0,0,0,0
49,25,22,32,0,0,0,0
2,19,24,9,0,0,0,0
31,13,10,48,0,0,0,0
23,20,48,15,0,0,0,0
37,43,45,46,1,1,0,0
45,3,3,41,0,0,0,0
38,40,25,45,0,0,0,0
16,30,18,41,1,0,0,0
40,46,18,42,0,0,0,0
40,19,49,41,0,0,0,0
48,31,38,13,0,0,0,0
41,10,5,43,0,0,0,1
23,44,19,5,0,0,0,0
23,7,40,7,0,0,0,0
7,39,16,16,0,0,1,1
29,6,5,17,1,1,0,0
26,3,39,10,0,0,0,0
5,27,38,24,0,0,0,0
39,46,7,34,0,0,0,0
10,3,13,3,0,0,0,0
2,26,4,13,0,0,0,0
3,31,14,21,0,0,0,0
30,20,22,28,0,0,0,0
29,25,21,6,1,0,0,1
41,44,12,40,0,0,0,0
45,10,18,6,0,0,0,1
2,3,11,39,0,0,0,0
37,27,50,47,1,0,0,0
37,12,31,13,1,0,0,0
47,25,22,5,0,0,0,0
38,42,26,6,0,0,0,1
22,34,5,30,0,0,0,0
30,40,40,7,0,0,0,0
44,7,37,23,0,0,1,0
17,32,46,39,0,0,0,0
15,32,26,19,0,0,0,0
3,37,10,15,0,1,0,0
5,15,40,42,0,0,0,0
4,27,34,39,0,0,0,0
16,37,43,23,1,1,1,0
3,27,14,26,0,0,0,0
40,31,38,14,0,0,0,0
15,22,2,23,0,0,0,0
5,47,9,37,0,0,0,1
33,3,31,3,1,0,0,0
37,2,12,43,1,0,0,1
4,40,36,43,0,0,0,1
13,15,24,41,0,0,0,0
30,9,16,50,0,0,1,0
30,23,41,22,0,0,0,0
27,21,29,29,0,0,1,1
44,47,42,9,0,0,0,0
25,13,7,36,0,0,0,0
28,37,29,29,0,1,1,1
35,7,20,24,0,0,0,0
40,46,34,12,0,0,0,0
45,41,8,39,0,0,0,0
2,44,41,49,0,0,0,0
42,8,14,32,0,0,0,0
30,10,34,41,0,0,0,0
21,19,33,46,0,0,1,0
37,41,34,41,1,0,0,0
36,20,34,14,0,0,0,0
22,22,31,5,0,0,0,0
14,47,32,38,0,0,0,0
20,37,22,23,0,1,0,0
17,50,7,33,0,0,0,1
40,11,18,41,0,0,0,0
11,37,10,8,0,1,0,0
5,8,33,50,0,0,1,0
40,6,9,30,0,1,0,0
22,12,13,14,0,0,0,0
31,43,15,41,0,1,0,0
28,48,47,5,0,0,0,0
43,1,44,40,1,0,0,0
28,46,14,39,0,0,0,0
39,24,5,15,0,0,0,0
20,47,28,27,0,0,0,0
37,33,12,24,1,1,0,0
47,5,17,34,0,0,0,0
20,25,22,27,0,0,0,0
13,31,42,10,0,0,0,0
21,17,6,18,0,0,1,0
24,40,6,43,0,0,1,1
23,13,9,19,0,0,0,0
50,45,17,49,0,0,0,0
42,10,42,22,0,0,0,0
32,40,6,16,0,0,1,1
29,27,45,50,1,0,0,0
9,14,1,18,0,0,0,0
39,3,46,16,0,0,0,1
31,40,14,7,0,0,0,0
42,46,46,31,0,0,0,0
45,12,26,13,0,0,0,0
32,47,4,10,0,0,0,0
14,47,11,32,0,0,0,0
9,45,23,16,0,0,0,1
33,49,23,9,1,0,0,0
2,4,44,5,0,0,0,0
20,4,28,49,0,0,0,0
13,12,14,5,0,0,0,0
27,33,20,9,0,1,0,0
49,33,25,3,0,1,0,0
15,3,19,17,0,0,0,0
43,10,2,45,1,0,0,0
18,19,42,16,0,0,0,1
14,6,43,41,0,1,1,0
7,39,21,15,0,0,0,0
47,16,48,33,0,1,0,1
20,39,30,10,0,0,0,0
38,4,47,28,0,0,0,0
29,27,15,42,1,0,0,0
32,23,40,8,0,0,0,0
42,1,2,41,0,0,0,0
26,12,50,25,0,0,0,0
17,50,47,9,0,0,0,0
19,2,38,9,0,0,0,0
10,28,28,6,0,0,0,1
33,46,34,5,1,0,0,0
50,13,43,10,0,0,1,0
16,40,20,21,1,0,0,0
10,41,4,20,0,0,0,0
1,12,44,44,0,0,0,0
41,29,22,31,0,1,0,0
2,5,33,50,0,0,1,0
5,16,43,22,0,1,1,0
24,25,45,30,0,0,0,0
34,24,21,22,0,0,0,0
5,38,29,36,0,0,1,0
42,2,49,38,0,0,0,0
44,46,5,10,0,0,0,0
12,49,19,12,0,0,0,0
2,14,30,34,0,0,0,0
26,2,37,24,0,0,1,0
16,16,27,25,1,1,0,0
21,50,26,40,0,0,0,0
23,44,10,13,0,0,0,0
34,18,42,14,0,0,0,0
35,31,49,30,0,0,0,0
6,18,25,16,1,0,0,1
42,40,20,25,0,0,0,0
31,5,24,14,0,0,0,0
2,32,8,29,0,0,0,1
16,47,14,11,1,0,0,0
10,27,19,48,0,0,0,0
47,22,25,18,0,0,0,0
32,26,32,38,0,0,0,0
25,21,15,40,0,0,0,0
14,1,26,6,0,0,0,1
38,48,47,42,0,0,0,0
48,14,19,43,0,0,0,1
26,17,38,20,0,0,0,0
12,26,11,3,0,0,0,0
27,48,17,18,0,0,0,0
17,17,23,43,0,0,0,1
11,2,25,18,0,0,0,0
8,20,20,12,0,0,0,0
28,12,50,43,0,0,0,1
17,38,29,31,0,0,1,0
15,46,46,47,0,0,0,0
49,47,34,45,0,0,0,0
11,45,32,10,0,0,0,0
50,26,34,39,0,0,0,0
4,24,28,46,0,0,0,0
14,34,12,33,0,0,0,1
29,46,20,11,1,0,0,0
34,22,7,30,0,0,0,0
30,17,19,6,0,0,0,1
30,40,10,9,0,0,0,0
28,19,12,49,0,0,0,0
6,8,11,42,1,0,0,0
7,7,31,36,0,0,0,0
35,49,47,8,0,0,0,0
13,34,13,18,0,0,0,0
10,20,42,8,0,0,0,0
48,12,8,40,0,0,0,0
1,41,21,39,0,0,0,0
20,25,7,36,0,0,0,0
47,37,42,23,0,1,0,0
10,14,40,35,0,0,0,0
20,10,14,48,0,0,0,0
16,26,47,13,1,0,0,0
13,14,35,17,0,0,0,0
44,15,33,29,0,0,1,1
20,8,50,6,0,0,0,1
1,31,23,35,0,0,0,0
17,14,4,22,0,0,0,0
31,11,37,40,0,0,1,0
50,3,46,19,0,0,0,0
45,6,5,23,0,1,0,0
29,27,30,50,1,0,0,0
17,44,11,49,0,0,0,0
45,42,39,21,0,0,0,0
25,36,41,30,0,0,0,0
6,30,6,25,1,0,1,0
24,13,4,38,0,0,0,0
39,23,27,36,0,0,0,0
24,50,48,13,0,0,0,0
34,40,4,34,0,0,0,0
45,12,15,9,0,0,0,0
17,26,5,10,0,0,0,0
45,43,6,12,0,1,1,0
33,2,16,21,1,0,1,0
45,5,50,8,0,0,0,0
4,48,49,33,0,0,0,1
6,41,46,33,1,0,0,1
33,47,47,24,1,0,0,0
36,37,42,12,0,1,0,0
47,34,25,3,0,0,0,0
17,42,15,50,0,0,0,0
8,21,25,14,0,0,0,0
31,18,48,32,0,0,0,0
16,27,7,6,1,0,0,1
15,1,46,41,0,0,0,0
30,11,2,29,0,0,0,1
32,29,40,50,0,1,0,0
39,7,50,24,0,0,0,0
18,43,20,18,0,1,0,0
34,3,25,47,0,0,0,0
19,15,1,2,0,0,0,0
36,19,8,5,0,0,0,0
10,21,22,46,0,0,0,0
29,39,26,36,1,0,0,0
31,50,10,14,0,0,0,0
4,15,21,11,0,0,0,0
48,37,4,44,0,1,0,0
24,48,3,14,0,0,0,0
5,21,6,17,0,0,1,0
34,20,33,3,0,0,1,0
39,48,31,32,0,0,0,0
20,29,45,45,0,1,0,0
24,31,15,19,0,0,0,0
7,25,24,18,0,0,0,0
6,36,46,23,1,0,0,0
38,3,4,30,0,0,0,0
24,7,36,47,0,0,0,0
42,12,3,21,0,0,0,0
48,35,48,48,0,0,0,0
19,9,11,22,0,0,0,0
43,45,21,28,1,0,0,0
23,24,9,13,0,0,0,0
10,18,19,37,0,0,0,1
29,12,1,36,1,0,0,0
22,31,24,35,0,0,0,0
14,6,35,25,0,1,0,0
10,3,17,13,0,0,0,0
2,20,42,30,0,0,0,0
44,27,8,20,0,0,0,0
37,11,12,15,1,0,0,0
37,6,14,36,1,1,0,0
6,21,19,34,1,0,0,0
2,28,13,42,0,0,0,0
27,6,42,44,0,1,0,0
18,32,29,37,0,0,1,1
31,33,2,37,0,1,0,1
3,34,50,10,0,0,0,0
47,18,5,32,0,0,0,0
36,32,13,12,0,0,0,0
1,25,24,20,0,0,0,0
9,6,7,38,0,1,0,0
19,37,41,13,0,1,0,0
26,26,12,32,0,0,0,0
17,50,1,17,0,0,0,0
42,49,14,36,0,0,0,0
42,50,48,5,0,0,0,0
50,47,44,35,0,0,0,0
21,45,13,45,0,0,0,0
35,37,10,34,0,1,0,0
47,3,37,19,0,0,1,0
30,8,21,35,0,0,0,0
45,22,43,2,0,0,1,0
50,5,13,12,0,0,0,0
39,29,33,32,0,1,1,0
32,19,45,5,0,0,0,0
47,41,21,44,0,0,0,0
23,23,34,36,0,0,0,0
31,13,4,38,0,0,0,0
5,24,25,12,0,0,0,0
45,12,42,50,0,0,0,0
13,24,7,34,0,0,0,0
25,22,12,44,0,0,0,0
43,45,16,16,1,0,1,1
14,39,5,21,0,0,0,0
39,25,11,23,0,0,0,0
24,49,21,9,0,0,0,0
13,27,13,26,0,0,0,0
18,45,27,41,0,0,0,0
30,44,27,47,0,0,0,0
40,27,27,50,0,0,0,0
45,33,27,37,0,1,0,1
29,27,3,43,1,0,0,1
44,13,15,9,0,0,0,0
19,46,40,44,0,0,0,0
28,32,27,43,0,0,0,1
7,15,48,11,0,0,0,0
11,31,11,11,0,0,0,0
23,47,15,46,0,0,0,0
21,42,45,16,0,0,0,1
42,4,9,16,0,0,0,1
21,14,25,43,0,0,0,1
50,6,18,4,0,1,0,0
9,29,22,22,0,1,0,0
29,34,12,40,1,0,0,0
12,3,24,20,0,0,0,0
23,34,50,46,0,0,0,0
33,35,21,20,1,0,0,0
23,1,23,10,0,0,0,0
14,43,40,28,0,1,0,0
31,27,24,11,0,0,0,0
47,5,13,11,0,0,0,0
18,21,37,13,0,0,1,0
17,47,50,41,0,0,0,0
21,44,15,33,0,0,0,1
45,21,47,28,0,0,0,0
30,40,9,28,0,0,0,0
32,25,46,14,0,0,0,0
48,16,31,11,0,1,0,0
4,39,20,26,0,0,0,0
1,3,29,11,0,0,1,0
43,10,23,34,1,0,0,0
21,21,42,17,0,0,0,0
19,8,1,50,0,0,0,0
49,10,50,43,0,0,0,1
31,13,14,22,0,0,0,0
49,10,33,44,0,0,1,0
14,1,42,38,0,0,0,0
16,35,28,43,1,0,0,1
1,33,50,42,0,1,0,0
10,19,48,18,0,0,0,0
46,4,25,17,0,0,0,0
9,49,37,46,0,0,1,0
3,10,42,27,0,0,0,0
16,8,36,38,1,0,0,0
20,19,11,32,0,0,0,0
9,33,9,26,0,1,0,0
40,4,4,17,0,0,0,0
2,23,13,13,0,0,0,0
2,15,4,19,0,0,0,0
18,33,5,26,0,1,0,0
22,11,25,31,0,0,0,0
10,38,45,16,0,0,0,1
45,34,39,22,0,0,0,0
22,30,33,7,0,0,1,0
22,21,8,33,0,0,0,1
40,10,13,14,0,0,0,0
15,28,4,21,0,0,0,0
12,40,7,45,0,0,0,0
43,17,42,12,1,0,0,0
34,19,12,27,0,0,0,0
11,3,41,23,0,0,0,0
33,47,12,5,1,0,0,0
37,27,29,44,1,0,1,0
44,17,7,37,0,0,0,1
23,11,48,20,0,0,0,0
44,17,38,27,0,0,0,0
19,2,22,14,0,0,0,0
26,35,34,44,0,0,0,0
19,34,11,15,0,0,0,0
49,45,44,45,0,0,0,0
39,31,47,23,0,0,0,0
33,29,18,15,1,1,0,0
50,13,1,11,0,0,0,0
21,41,19,4,0,0,0,0
37,12,24,38,1,0,0,0
45,13,11,36,0,0,0,0
26,28,22,5,0,0,0,0
23,33,35,31,0,1,0,0
45,11,1,28,0,0,0,0
25,7,5,40,0,0,0,0
26,33,15,20,0,1,0,0
7,45,30,27,0,0,0,0
21,5,14,24,0,0,0,0
44,48,35,34,0,0,0,0
31,20,26,19,0,0,0,0
43,23,17,24,1,0,0,0
1,30,13,50,0,0,0,0
14,44,39,24,0,0,0,0
13,39,22,29,0,0,0,1
42,28,34,37,0,0,0,1
36,35,50,19,0,0,0,0
42,11,46,2,0,0,0,0
34,2,27,2,0,0,0,0
30,25,21,10,0,0,0,0
23,3,19,15,0,0,0,0
48,29,18,30,0,1,0,0
42,13,24,42,0,0,0,0
28,1,30,15,0,0,0,0
37,50,2,41,1,0,0,0
18,16,19,19,0,1,0,0
2,39,43,23,0,0,1,0
30,35,14,32,0,0,0,0
33,27,37,14,1,0,1,0
19,7,19,19,0,0,0,0
48,26,17,20,0,0,0,0
8,24,50,45,0,0,0,0
34,40,44,27,0,0,0,0
48,7,18,27,0,0,0,0
31,6,35,13,0,1,0,0
29,4,18,22,1,0,0,0
25,44,42,40,0,0,0,0
11,50,39,1,0,0,0,0
43,1,33,32,1,0,1,0
2,40,2,27,0,0,0,0
27,23,14,39,0,0,0,0
1,41,16,26,0,0,1,0
39,23,47,12,0,0,0,0
40,46,24,36,0,0,0,0
3,23,43,19,0,0,1,0
27,7,50,14,0,0,0,0
17,44,28,26,0,0,0,0
44,43,3,49,0,1,0,0
9,17,39,4,0,0,0,0
49,21,39,40,0,0,0,0
5,47,39,38,0,0,0,0
24,6,29,1,0,1,1,0
47,14,25,23,0,0,0,0
32,25,17,14,0,0,0,0
25,17,8,6,0,0,0,1
47,13,6,15,0,0,1,0
23,21,41,47,0,0,0,0
19,11,38,44,0,0,0,0
31,38,6,13,0,0,1,0
2,27,25,14,0,0,0,0
26,41,7,2,0,0,0,0
16,10,20,12,1,0,0,0
32,43,8,31,0,1,0,0
30,25,50,6,0,0,0,1
48,20,27,8,0,0,0,0
44,25,12,50,0,0,0,0
34,10,34,43,0,0,0,1
25,14,36,43,0,0,0,1
2,14,28,42,0,0,0,0
16,17,21,31,1,0,0,0
50,9,5,14,0,0,0,0
44,30,10,31,0,0,0,0
16,33,1,4,1,1,0,0
8,7,3,45,0,0,0,0
45,48,4,7,0,0,0,0
36,47,22,9,0,0,0,0
20,36,44,2,0,0,0,0
40,15,18,32,0,0,0,0
32,49,4,20,0,0,0,0
18,13,11,17,0,0,0,0
34,23,50,13,0,0,0,0
42,44,23,48,0,0,0,0
10,38,49,10,0,0,0,0
22,31,46,41,0,0,0,0
50,9,20,27,0,0,0,0
50,30,25,25,0,0,0,0
28,42,39,13,0,0,0,0
35,34,24,30,0,0,0,0
12,18,46,38,0,0,0,0
27,33,39,20,0,1,0,0
15,13,35,41,0,0,0,0
12,12,15,38,0,0,0,0
44,28,41,15,0,0,0,0
13,46,29,29,0,0,1,1
26,15,28,46,0,0,0,0
48,44,28,29,0,0,0,1
26,21,24,28,0,0,0,0
25,41,3,48,0,0,0,0
49,17,2,7,0,0,0,0
44,12,26,36,0,0,0,0
4,49,17,25,0,0,0,0
18,14,36,50,0,0,0,0
21,9,39,40,0,0,0,0
27,13,2,43,0,0,0,1
5,39,5,11,0,0,0,0
34,48,11,21,0,0,0,0
4,34,7,24,0,0,0,0
32,25,12,29,0,0,0,1
25,8,2,35,0,0,0,0
40,15,25,26,0,0,0,0
45,47,50,3,0,0,0,0
28,47,42,8,0,0,0,0
48,20,48,45,0,0,0,0
13,36,21,25,0,0,0,0
21,5,28,39,0,0,0,0
45,20,35,22,0,0,0,0
48,16,45,36,0,1,0,0
2,24,18,46,0,0,0,0
1,4,4,20,0,0,0,0
30,8,14,8,0,0,0,0
8,13,41,10,0,0,0,0
48,43,2,13,0,1,0,0
35,24,18,33,0,0,0,1
17,13,27,43,0,0,0,1
11,3,5,10,0,0,0,0
1,4,24,41,0,0,0,0
42,34,41,33,0,0,0,1
38,9,5,22,0,0,0,0
17,29,16,3,0,1,1,0
6,28,11,2,1,0,0,0
40,25,43,14,0,0,1,0
17,46,6,38,0,0,1,0
5,50,34,27,0,0,0,0
35,22,31,23,0,0,0,0
34,5,44,10,0,0,0,0
14,5,47,38,0,0,0,0
9,33,29,12,0,1,1,0
48,16,16,7,0,1,1,0
7,40,48,21,0,0,0,0
9,5,9,18,0,0,0,0
27,4,40,16,0,0,0,1
13,33,3,40,0,1,0,0
3,25,3,10,0,0,0,0
19,39,5,35,0,0,0,0
33,38,35,35,1,0,0,0
21,43,17,9,0,1,0,0
44,8,35,41,0,0,0,0
30,14,25,5,0,0,0,0
17,22,1,30,0,0,0,0
10,16,8,10,0,1,0,0
3,39,42,39,0,0,0,0
22,28,17,49,0,0,0,0
25,1,47,5,0,0,0,0
21,4,13,19,0,0,0,0
5,14,22,40,0,0,0,0
38,33,49,27,0,1,0,0
2,6,6,24,0,1,1,0
11,28,25,5,0,0,0,0
41,26,30,14,0,0,0,0
23,45,36,22,0,0,0,0
48,37,33,39,0,1,1,0
34,43,12,23,0,1,0,0
32,19,47,10,0,0,0,0
50,1,28,6,0,0,0,1
44,37,21,1,0,1,0,0
30,19,10,19,0,0,0,0
3,32,2,49,0,0,0,0
45,12,49,24,0,0,0,0
28,29,40,40,0,1,0,0
34,33,26,39,0,1,0,0
19,19,45,7,0,0,0,0
43,15,12,41,1,0,0,0
14,18,46,8,0,0,0,0
26,29,49,5,0,1,0,0
45,37,43,11,0,1,1,0
44,2,29,21,0,0,1,0
30,47,21,17,0,0,0,0
12,14,47,20,0,0,0,0
50,13,7,17,0,0,0,0
4,40,17,27,0,0,0,0
3,40,48,23,0,0,0,0
31,39,34,15,0,0,0,0
21,34,28,26,0,0,0,0
17,16,36,30,0,1,0,0
5,13,12,14,0,0,0,0
24,12,38,30,0,0,0,0
23,46,31,36,0,0,0,0
42,29,5,20,0,1,0,0
20,5,27,37,0,0,0,1
30,35,50,4,0,0,0,0
40,37,23,22,0,1,0,0
34,6,39,7,0,1,0,0
46,44,11,16,0,0,0,1
36,17,20,37,0,0,0,1
34,1,49,15,0,0,0,0
31,22,49,42,0,0,0,0
26,41,40,42,0,0,0,0
22,23,37,48,0,0,1,0
8,46,10,42,0,0,0,0
32,39,30,6,0,0,0,1
39,15,36,12,0,0,0,0
28,9,9,14,0,0,0,0
1,38,34,2,0,0,0,0
2,50,42,30,0,0,0,0
20,47,27,3,0,0,0,0
5,29,5,20,0,1,0,0
25,6,30,30,0,1,0,0
28,5,16,48,0,0,1,0
25,39,13,24,0,0,0,0
21,10,49,44,0,0,0,0
12,3,7,33,0,0,0,1
18,48,47,44,0,0,0,0
9,18,11,22,0,0,0,0
23,6,46,41,0,1,0,0
10,48,2,49,0,0,0,0
20,15,40,10,0,0,0,0
5,27,41,10,0,0,0,0
47,23,42,2,0,0,0,0
27,45,22,37,0,0,0,1
44,21,17,13,0,0,0,0
5,33,47,43,0,1,0,1
11,25,35,37,0,0,0,1
15,26,1,10,0,0,0,0
41,33,28,9,0,1,0,0
40,10,42,19,0,0,0,0
36,48,30,16,0,0,0,1
41,11,45,21,0,0,0,0
30,15,6,10,0,0,1,0
1,18,13,6,0,0,0,1
50,14,20,6,0,0,0,1
24,44,35,15,0,0,0,0
23,19,14,22,0,0,0,0
48,2,20,45,0,0,0,0
3,26,10,19,0,0,0,0
28,38,8,46,0,0,0,0
20,21,5,33,0,0,0,1
31,2,49,24,0,0,0,0
27,31,17,45,0,0,0,0
40,1,17,12,0,0,0,0
18,18,28,12,0,0,0,0
28,37,27,40,0,1,0,0
24,27,36,21,0,0,0,0
31,41,37,44,0,0,1,0
26,12,12,30,0,0,0,0
4,39,24,30,0,0,0,0
40,47,19,26,0,0,0,0
17,40,3,44,0,0,0,0
20,35,36,30,0,0,0,0
22,39,34,9,0,0,0,0
43,1,19,14,1,0,0,0
47,38,14,45,0,0,0,0
21,8,4,12,0,0,0,0
14,28,19,37,0,0,0,1
19,44,31,15,0,0,0,0
26,18,40,26,0,0,0,0
30,29,5,18,0,1,0,0
42,36,29,45,0,0,1,0
46,42,9,36,0,0,0,0
4,9,35,13,0,0,0,0
3,4,35,3,0,0,0,0
46,40,25,25,0,0,0,0
20,6,3,18,0,1,0,0
40,13,49,39,0,0,0,0
24,9,35,9,0,0,0,0
47,5,48,12,0,0,0,0
48,20,31,40,0,0,0,0
27,32,21,25,0,0,0,0
49,13,44,5,0,0,0,0
37,42,29,29,1,0,1,1
36,17,10,32,0,0,0,0
16,24,44,38,1,0,0,0
8,43,33,25,0,1,1,0
49,41,44,13,0,0,0,0
15,41,17,46,0,0,0,0
3,34,3,34,0,0,0,0
44,2,23,31,0,0,0,0
5,6,25,36,0,1,0,0
6,40,2,50,1,0,0,0
33,6,18,46,1,1,0,0
13,35,41,4,0,0,0,0
14,2,48,34,0,0,0,0
35,3,32,28,0,0,0,0
24,18,15,36,0,0,0,0
5,18,11,25,0,0,0,0
4,6,2,27,0,1,0,0
28,11,13,50,0,0,0,0
37,9,11,1,1,0,0,0
39,17,43,10,0,0,1,0
37,31,30,14,1,0,0,0
29,10,40,40,1,0,0,0
21,42,27,48,0,0,0,0
18,12,35,38,0,0,0,0
36,30,13,34,0,0,0,0
42,5,38,27,0,0,0,0
50,12,8,29,0,0,0,1
26,11,28,19,0,0,0,0
24,12,3,29,0,0,0,1
23,26,39,12,0,0,0,0
34,34,8,47,0,0,0,0
49,41,23,9,0,0,0,0
7,4,32,38,0,0,0,0
43,5,35,6,1,0,0,1
42,9,23,25,0,0,0,0
35,33,22,32,0,1,0,0
50,3,50,2,0,0,0,0
12,40,16,39,0,0,1,0
1,50,12,27,0,0,0,0
16,18,15,33,1,0,0,1
27,3,7,8,0,0,0,0
48,39,9,30,0,0,0,0
43,39,38,33,1,0,0,1
45,29,14,24,0,1,0,0
4,3,36,10,0,0,0,0
2,40,18,50,0,0,0,0
49,1,8,30,0,0,0,0
7,1,37,43,0,0,1,1
5,26,30,35,0,0,0,0
49,43,40,7,0,1,0,0
32,48,13,24,0,0,0,0
26,31,6,34,0,0,1,0
25,16,6,31,0,1,1,0
13,28,44,40,0,0,0,0
17,37,37,35,0,1,1,0
27,11,46,47,0,0,0,0
37,4,22,10,1,0,0,0
15,39,49,7,0,0,0,0
4,1,26,31,0,0,0,0
50,45,30,5,0,0,0,0
12,43,17,25,0,1,0,0
24,6,15,23,0,1,0,0
19,10,23,5,0,0,0,0
26,36,47,41,0,0,0,0
45,39,5,42,0,0,0,0
30,27,15,33,0,0,0,1
16,16,30,48,1,1,0,0
3,49,33,45,0,0,1,0
21,42,5,2,0,0,0,0
33,22,5,14,1,0,0,0
28,46,17,40,0,0,0,0
47,13,24,5,0,0,0,0
19,26,18,24,0,0,0,0
36,46,25,19,0,0,0,0
30,41,5,6,0,0,0,1
33,31,11,3,1,0,0,0
2,19,45,22,0,0,0,0
7,29,39,13,0,1,0,0
40,47,4,44,0,0,0,0
16,25,48,36,1,0,0,0
36,43,41,36,0,1,0,0
16,7,15,39,1,0,0,0
31,31,12,3,0,0,0,0
36,36,26,13,0,0,0,0
8,6,16,41,0,1,1,0
16,46,39,9,1,0,0,0
23,39,11,16,0,0,0,1
49,27,28,23,0,0,0,0
17,30,4,9,0,0,0,0
5,1,25,5,0,0,0,0
39,11,39,21,0,0,0,0
27,44,16,30,0,0,1,0
35,35,19,40,0,0,0,0
42,40,34,45,0,0,0,0
5,37,8,1,0,1,0,0
2,49,25,37,0,0,0,1
16,6,37,41,1,1,1,0
20,15,26,18,0,0,0,0
20,39,1,24,0,0,0,0
17,42,50,13,0,0,0,0
36,10,47,33,0,0,0,1
11,37,45,47,0,1,0,0
25,7,48,45,0,0,0,0
21,21,19,34,0,0,0,0
2,12,25,39,0,0,0,0
18,44,12,27,0,0,0,0
19,25,33,21,0,0,1,0
48,9,5,36,0,0,0,0
1,25,3,37,0,0,0,1
36,13,24,34,0,0,0,0
50,34,19,38,0,0,0,0
30,25,50,30,0,0,0,0
9,26,30,47,0,0,0,0
21,42,27,7,0,0,0,0
7,44,8,42,0,0,0,0
50,16,40,42,0,1,0,0
20,17,28,47,0,0,0,0
14,47,48,34,0,0,0,0
49,32,44,40,0,0,0,0
30,7,38,7,0,0,0,0
6,15,25,12,1,0,0,0
15,27,34,6,0,0,0,1
4,24,35,30,0,0,0,0
13,19,30,33,0,0,0,1
18,29,27,19,0,1,0,0
34,10,40,2,0,0,0,0
21,47,3,21,0,0,0,0
11,42,25,24,0,0,0,0
14,34,45,25,0,0,0,0
35,24,46,42,0,0,0,0
28,6,12,19,0,1,0,0
41,9,5,43,0,0,0,1
22,23,30,48,0,0,0,0
25,43,1,43,0,1,0,1
50,1,16,13,0,0,1,0
46,12,45,5,0,0,0,0
27,27,17,30,0,0,0,0
20,23,37,28,0,0,1,0
2,50,23,32,0,0,0,0
40,31,23,10,0,0,0,0
9,11,18,3,0,0,0,0
1,16,14,19,0,1,0,0
33,4,31,3,1,0,0,0
48,47,24,23,0,0,0,0
40,41,44,4,0,0,0,0
12,46,10,8,0,0,0,0
21,44,40,48,0,0,0,0
15,39,50,4,0,0,0,0
48,24,18,40,0,0,0,0
44,31,2,33,0,0,0,1
31,10,7,35,0,0,0,0
36,12,5,6,0,0,0,1
33,41,16,22,1,0,1,0
27,43,11,22,0,1,0,0
36,3,39,9,0,0,0,0
48,15,17,15,0,0,0,0
8,2,50,19,0,0,0,0
33,18,23,35,1,0,0,0
4,3,20,7,0,0,0,0
34,37,21,32,0,1,0,0
16,50,25,34,1,0,0,0
48,47,29,20,0,0,1,0
28,33,2,12,0,1,0,0
40,27,35,15,0,0,0,0
43,13,39,35,1,0,0,0
11,47,20,47,0,0,0,0
24,11,32,29,0,0,0,1
19,13,8,26,0,0,0,0
43,14,20,4,1,0,0,0
6,7,24,4,1,0,0,0
43,25,1,45,1,0,0,0
32,8,30,17,0,0,0,0
1,8,13,6,0,0,0,1
30,30,43,25,0,0,1,0
39,40,49,38,0,0,0,0
9,23,10,9,0,0,0,0
9,38,9,37,0,0,0,1
18,13,25,36,0,0,0,0
16,45,42,11,1,0,0,0
22,34,17,1,0,0,0,0
18,29,39,23,0,1,0,0
22,9,43,33,0,0,1,1
36,15,20,29,0,0,0,1
18,13,16,13,0,0,1,0
3,17,8,38,0,0,0,0
15,50,16,5,0,0,1,0
46,27,48,14,0,0,0,0
16,35,21,36,1,0,0,0
39,36,39,48,0,0,0,0
34,23,45,19,0,0,0,0
46,29,40,40,0,1,0,0
4,47,5,43,0,0,0,1
22,15,17,7,0,0,0,0
14,7,44,11,0,0,0,0
16,8,26,3,1,0,0,0
38,11,44,21,0,0,0,0
20,4,49,30,0,0,0,0
39,31,8,28,0,0,0,0
37,32,19,46,1,0,0,0
49,22,36,40,0,0,0,0
39,8,45,22,0,0,0,0
46,37,40,40,0,1,0,0
27,27,32,28,0,0,0,0
13,41,38,42,0,0,0,0
1,35,4,9,0,0,0,0
38,9,36,35,0,0,0,0
38,13,43,34,0,0,1,0
45,37,8,38,0,1,0,0
49,20,32,6,0,0,0,1
32,27,23,22,0,0,0,0
9,25,31,24,0,0,0,0
3,14,16,9,0,0,1,0
14,34,11,13,0,0,0,0
47,32,20,10,0,0,0,0
24,11,13,49,0,0,0,0
48,17,17,10,0,0,0,0
40,25,20,47,0,0,0,0
17,28,42,33,0,0,0,1
11,39,17,1,0,0,0,0
43,38,32,5,1,0,0,0
17,19,44,24,0,0,0,0
28,5,13,8,0,0,0,0
7,25,32,43,0,0,0,1
7,3,1,13,0,0,0,0
7,12,19,46,0,0,0,0
31,33,2,4,0,1,0,0
35,22,10,19,0,0,0,0
4,36,23,26,0,0,0,0
29,1,34,3,1,0,0,0
15,6,6,42,0,1,1,0
32,33,6,31,0,1,1,0
24,8,2,3,0,0,0,0
22,3,25,48,0,0,0,0
34,26,4,34,0,0,0,0
41,23,23,46,0,0,0,0
26,44,43,45,0,0,1,0
36,38,5,16,0,0,0,1
19,44,23,45,0,0,0,0
26,25,36,29,0,0,0,1
36,12,30,8,0,0,0,0
30,26,31,38,0,0,0,0
27,43,44,47,0,1,0,0
14,44,16,31,0,0,1,0
37,15,11,43,1,0,0,1
31,9,32,49,0,0,0,0
10,4,42,44,0,0,0,0
25,15,43,32,0,0,1,0
40,22,24,13,0,0,0,0
49,42,37,25,0,0,1,0
37,26,33,27,1,0,1,0
3,49,41,3,0,0,0,0
34,18,44,29,0,0,0,1
44,15,28,22,0,0,0,0
4,2,46,25,0,0,0,0
14,22,15,25,0,0,0,0
49,26,50,10,0,0,0,0
5,26,5,29,0,0,0,1
30,26,46,50,0,0,0,0
26,9,30,24,0,0,0,0
11,6,50,39,0,1,0,0
43,23,11,28,1,0,0,0
43,8,3,30,1,0,0,0
10,22,15,37,0,0,0,1
26,20,27,33,0,0,0,1
11,13,22,9,0,0,0,0
33,48,32,43,1,0,0,1
9,22,6,17,0,0,1,0
26,49,22,42,0,0,0,0
38,36,12,43,0,0,0,1
18,15,37,17,0,0,1,0
19,16,32,48,0,1,0,1
19,2,17,29,0,0,0,1
13,15,3,42,0,0,1,0
11,34,29,11,0,0,1,0
12,38,30,43,1,0,0,1
48,10,15,29,1,0,0,1
12,41,28,2,1,0,0,0
38,20,20,9,0,0,0,0
17,45,9,32,0,0,0,0
28,3,25,1,0,1,1,0
20,23,5,10,0,0,0,0
26,35,4,49,0,1,0,0
18,16,35,28,0,1,1,0
42,10,48,42,0,0,1,0
19,37,47,46,0,1,0,1
38,44,42,21,0,0,0,0
19,4,6,48,0,0,1,1
10,28,3,21,0,0,1,0
45,49,32,3,0,0,0,1
19,25,45,39,0,1,0,0
26,24,35,24,0,0,1,0
40,50,50,36,0,0,0,0
28,3,23,43,0,1,0,1
47,34,32,36,0,0,0,0
26,36,21,42,0,0,0,0
47,49,40,49,0,0,0,0
19,20,24,25,0,0,0,1
49,13,16,9,0,0,1,0
38,41,41,2,0,0,0,0
19,40,1,50,0,0,0,0
42,4,17,39,0,0,0,0
35,48,30,50,1,1,0,0
17,33,43,28,0,1,1,0
33,19,9,36,1,0,0,0
27,13,35,34,0,0,1,0
3,33,14,44,1,1,0,0
36,39,43,13,0,0,1,0
14,2,42,33,0,0,0,1
27,22,26,29,0,0,0,1
9,50,40,38,0,0,0,0
34,46,7,37,0,1,0,1
30,50,45,17,0,0,0,0
32,32,13,2,0,0,0,0
31,15,44,43,0,0,0,1
16,18,50,18,1,0,0,0
37,24,4,42,1,0,0,0
7,45,17,11,0,0,0,0
8,43,33,48,0,1,1,1
14,44,44,21,0,0,0,0
44,9,10,13,0,0,0,0
13,21,7,27,0,0,0,0
6,35,47,22,1,1,0,0
7,33,36,20,0,1,0,0
30,2,42,5,0,0,0,0
21,39,38,22,0,0,0,0
1,7,30,48,0,0,0,1
23,1,20,5,0,0,0,0
38,40,49,45,0,0,0,0
13,35,31,20,0,1,0,0
39,24,4,12,0,0,0,1
39,40,13,34,0,0,0,0
30,27,1,5,0,0,0,0
50,23,17,29,0,0,0,1
28,49,6,7,0,0,1,0
17,35,16,45,0,1,1,0
37,48,37,30,1,1,1,0
40,36,25,43,0,0,1,1
41,44,20,10,0,0,0,0
40,50,22,6,0,0,0,1
42,12,8,42,0,1,0,0
3,42,7,41,1,0,0,0
1,30,3,24,0,0,1,0
44,2,35,23,0,0,1,0
9,40,11,9,0,0,0,0
32,40,5,37,0,0,0,1
39,46,9,48,0,1,0,1
16,7,31,32,1,0,0,0
45,4,27,46,0,0,0,1
26,27,50,48,0,0,0,1
15,17,23,18,0,0,0,0
37,49,1,47,1,0,0,0
29,44,40,16,1,0,0,1
10,17,27,8,0,0,0,0
6,37,50,39,1,1,0,0
43,38,38,26,1,0,0,0
22,3,30,9,0,1,0,0
6,2,10,24,1,0,0,0
17,47,42,47,0,0,0,0
7,26,27,35,0,0,0,1
25,34,50,31,1,0,0,0
24,35,50,49,0,1,0,0
44,24,31,44,0,0,0,0
47,12,45,25,0,1,0,1
1,5,19,12,0,0,0,1
28,2,19,13,0,0,0,0
5,1,22,42,0,0,0,0
44,46,26,36,0,1,0,0
40,13,17,30,0,0,0,0
20,25,7,4,0,1,0,0
5,19,32,3,0,0,0,1
16,41,44,38,1,0,0,0
41,16,49,35,0,1,0,1
22,11,9,21,0,0,0,0
16,23,35,13,1,0,1,0
46,42,8,19,1,0,0,0
20,21,47,38,0,0,0,0
41,8,42,17,0,0,0,0
10,50,36,49,0,0,0,0
38,5,26,44,0,0,0,0
3,36,7,7,1,0,0,0
42,10,32,35,0,0,0,1
4,6,11,42,0,1,0,0
12,19,48,26,1,0,1,0
46,30,23,45,1,0,0,0
17,10,48,19,0,0,1,0
11,1,24,21,0,0,0,0
36,13,43,16,0,0,1,1
45,18,11,29,0,0,0,1
36,19,38,13,0,0,0,0
17,50,29,18,0,0,1,0
38,7,17,5,0,0,0,0
23,13,18,35,0,0,0,1
19,12,27,8,0,1,0,0
6,31,31,41,1,0,0,0
19,44,16,32,0,0,1,0
25,27,38,24,1,0,0,0
2,41,46,49,0,0,1,0
12,21,30,19,1,0,0,0
32,39,41,4,0,0,0,0
35,18,17,2,1,0,0,0
5,29,7,24,0,1,0,0
48,18,16,35,1,0,1,1
13,6,24,38,0,1,0,0
4,29,35,2,0,1,1,0
10,33,18,2,0,1,0,0
47,19,13,35,0,0,0,1
3,33,36,12,1,1,0,1
12,29,22,49,1,1,0,0
48,28,48,11,1,0,1,0
40,41,9,29,0,0,0,1
17,39,7,16,0,0,0,1
25,14,49,9,1,0,0,0
21,1,40,35,0,0,0,1
15,18,10,35,0,0,0,1
5,14,29,33,0,0,1,1
22,34,30,49,0,0,0,0
11,45,29,43,0,0,1,1
28,31,20,6,0,0,0,1
41,28,47,18,0,0,0,0
3,16,50,4,1,1,0,0
26,13,46,4,0,0,1,0
28,13,31,26,0,0,0,0
20,21,16,41,0,0,1,0
36,8,31,15,0,0,0,0
13,18,11,28,0,0,0,0
25,6,6,34,1,1,1,0
28,17,35,48,0,0,1,1
23,2,39,10,0,0,0,0
41,33,9,28,0,1,0,0
8,2,28,32,0,0,0,0
49,15,15,12,0,0,0,1
41,36,46,46,0,0,1,1
39,32,36,40,0,0,0,0
3,6,18,34,1,1,0,0
4,40,49,34,0,0,0,0
38,32,11,39,0,0,0,0
24,19,38,1,0,0,0,0
21,20,42,33,0,0,0,1
50,43,7,17,0,1,0,0
30,2,50,32,0,0,0,0
22,4,20,27,0,0,0,0
5,41,30,31,0,0,0,0
1,15,2,18,0,0,0,0
24,33,27,28,0,1,0,0
39,35,47,15,0,1,0,0
32,40,29,42,0,0,1,0
49,20,24,45,0,0,0,0
8,42,28,40,0,0,0,0
27,7,12,19,0,0,1,0
16,18,32,4,1,0,0,0
2,17,43,25,0,0,1,1
3,48,36,25,1,1,0,1
36,25,34,32,0,1,0,0
21,10,5,14,0,0,0,0
30,24,35,49,0,0,1,0
37,15,13,22,1,0,0,0
27,1,15,5,0,0,0,0
1,48,27,38,0,1,0,0
4,12,41,34,0,1,0,0
27,31,25,41,0,0,1,0
3,49,42,23,1,0,0,0
22,50,38,26,0,0,0,0
39,8,15,48,0,0,0,1
22,39,35,21,0,0,1,0
12,17,13,16,1,0,0,1
39,7,26,42,0,0,0,0
50,12,25,10,0,1,1,0
5,16,1,32,0,1,0,0
28,35,43,28,0,1,1,0
17,49,17,47,0,0,0,0
22,24,13,32,0,0,0,0
27,24,3,30,0,0,1,0
12,41,10,30,1,0,0,0
12,35,8,33,1,1,0,1
23,43,24,48,0,1,0,1
5,48,29,22,0,1,1,0
12,34,50,29,1,0,0,1
21,41,32,16,0,0,0,1
30,45,30,1,0,0,0,0
1,9,21,25,0,0,0,1
7,33,37,10,0,1,1,0
17,8,32,25,0,0,0,1
23,13,19,28,0,0,0,0
41,46,32,20,0,1,0,0
19,46,26,27,0,1,0,0
22,8,31,31,0,0,0,0
24,41,13,49,0,0,0,0
19,40,42,35,0,0,0,1
29,26,7,8,1,0,0,0
36,31,4,4,0,0,0,0
38,19,16,27,0,0,1,0
1,7,20,29,0,0,0,1
7,29,16,10,0,1,1,0
43,12,8,4,1,1,0,0
8,16,30,17,0,1,0,0
50,43,8,22,0,1,0,0
5,5,50,33,0,0,0,1
48,43,39,16,1,1,0,1
40,4,47,5,0,0,0,0
11,26,50,10,0,0,0,0
10,48,30,18,0,1,0,0
18,23,30,45,0,0,0,0
33,33,44,36,1,1,0,0
22,34,24,50,0,0,0,0
38,37,20,18,0,1,0,0
37,49,45,31,1,0,0,0
38,21,33,31,0,0,1,0
1,37,42,33,0,1,0,1
45,39,34,18,0,0,0,0
38,15,18,4,0,0,0,0
25,15,3,16,1,0,1,1
26,23,1,11,0,0,0,0
28,19,41,9,0,0,0,0
10,19,36,35,0,0,0,1
6,4,3,2,1,0,1,0
21,34,45,20,0,0,0,0
25,44,27,7,1,0,0,0
17,22,42,16,0,0,0,1
3,22,29,24,1,0,1,0
38,46,41,27,0,1,0,0
25,10,13,10,1,0,0,0
3,36,19,22,1,0,0,0
40,6,45,37,0,1,0,1
18,32,33,37,0,0,1,1
42,16,44,25,0,1,0,1
21,41,31,6,0,0,0,1
29,48,44,44,1,1,0,0
7,29,5,12,0,1,0,1
49,5,6,38,0,0,1,0
47,7,20,29,0,0,0,1
25,33,27,7,1,1,0,0
43,35,46,10,1,1,1,0
44,27,19,18,0,0,0,0
37,3,33,21,1,1,1,0
9,40,17,22,0,0,0,0
35,27,37,8,1,0,1,0
16,25,39,24,1,1,0,0
11,3,16,3,0,1,1,1
40,8,45,22,0,0,0,0
3,29,19,45,1,1,0,0
45,11,25,39,0,0,1,0
2,15,21,33,0,0,0,1
3,47,15,2,1,0,0,0
2,7,13,31,0,0,0,0
22,2,17,34,0,0,0,0
33,50,41,10,1,0,0,0
15,5,38,11,0,0,0,0
39,22,17,20,0,0,0,0
48,24,32,12,1,0,0,1
21,4,30,20,0,0,0,0
38,29,25,23,0,1,1,0
20,31,36,10,0,0,0,0
22,3,39,48,0,1,0,1
10,8,49,21,0,0,0,0
36,20,8,50,0,0,0,0
36,10,32,15,0,0,0,0
50,8,9,13,0,0,0,0
9,19,36,24,0,0,0,0
2,24,17,39,0,0,0,0
15,1,36,24,0,0,0,0
18,11,24,26,0,0,0,0
15,16,38,48,0,1,0,1
17,21,21,40,0,0,0,0
45,4,23,18,0,0,0,0
41,2,49,26,0,0,0,0
27,41,7,44,0,0,0,0
49,49,12,46,0,0,1,1
39,17,37,40,0,0,1,0
16,36,39,5,1,0,0,0
23,17,12,26,0,0,1,0
18,46,1,41,0,1,0,0
39,49,39,43,0,0,0,1
16,34,49,27,1,0,0,0
43,47,2,14,1,0,0,0
4,34,45,45,0,0,0,0
19,35,35,27,0,1,1,0
50,24,2,13,0,0,0,0
28,34,48,6,0,0,1,1
47,1,46,6,0,0,1,1
6,42,11,13,1,0,0,0
37,45,27,17,1,0,0,0
48,47,6,28,1,0,1,0
26,31,30,37,0,0,0,1
32,17,47,26,0,0,0,0
17,16,13,45,0,1,0,0
2,8,3,29,0,0,1,1
26,3,33,14,0,1,1,0
28,31,14,43,0,0,0,1
24,36,41,36,0,0,0,0
2,43,10,17,0,1,0,0
46,25,27,45,1,1,0,0
36,37,29,6,0,1,1,1
16,39,33,44,1,0,1,0
6,50,42,19,1,0,0,0
44,43,49,49,0,1,0,0
29,36,20,7,1,0,0,0
48,30,32,3,1,0,0,1
35,23,48,44,1,0,1,0
6,11,24,25,1,0,0,1
17,24,26,30,0,0,0,0
36,15,11,5,0,0,0,0
23,43,1,47,0,1,0,0
3,43,47,32,1,1,0,0
45,27,48,34,0,0,1,0
15,40,16,42,0,0,1,0
13,6,29,45,0,1,1,0
43,37,9,14,1,1,0,0
41,13,14,47,0,0,0,0
6,39,32,46,1,0,0,1
23,27,40,14,0,0,0,0
24,40,10,1,0,0,0,0
48,7,14,37,1,0,0,1
8,40,1,49,0,0,0,0
31,30,17,29,0,0,0,1
11,50,6,19,0,0,1,0
34,48,38,38,0,1,0,0
31,1,46,36,0,0,1,0
18,1,3,25,0,0,1,1
16,46,38,14,1,1,0,0
44,34,8,27,0,0,0,0
16,33,44,29,1,1,0,1
7,48,18,14,0,1,0,0
24,46,28,37,0,1,0,1
39,5,32,49,0,0,0,0
45,27,7,44,0,0,0,0
40,29,7,31,0,1,0,0
45,16,46,4,0,1,1,0
40,5,46,25,0,0,1,1
6,43,4,22,1,1,0,0
45,10,32,50,0,0,0,0
24,1,25,20,0,0,1,0
25,43,11,11,1,1,0,0
44,12,24,28,0,1,0,0
28,4,6,41,0,0,1,0
39,11,48,28,0,0,1,0
2,36,46,42,0,0,1,0
5,45,37,48,0,0,1,1
39,19,7,39,0,0,0,0
42,11,48,23,0,0,1,0
5,38,47,1,0,0,0,0
9,15,30,8,0,0,0,0
49,14,39,30,0,0,0,0
18,15,44,22,0,0,0,0
23,9,43,28,0,0,1,0
17,26,9,17,0,0,0,0
4,9,45,16,0,0,0,1
18,27,50,40,0,0,0,0
27,9,48,47,0,0,1,0
38,32,47,49,0,0,0,0
35,45,7,6,1,0,0,1
49,34,27,18,0,0,0,0
33,4,27,7,1,0,0,0
16,50,12,18,1,0,1,0
12,43,26,20,1,1,0,0
33,45,37,2,1,0,1,0
17,42,17,6,0,0,0,1
22,11,15,42,0,0,0,0
43,17,16,33,1,0,1,1
39,9,7,5,0,0,0,0
10,22,24,10,0,0,0,0
30,37,30,35,0,1,0,1
15,18,25,4,0,0,1,0
38,34,19,45,0,0,0,0
25,36,24,32,1,0,0,0
15,24,48,46,0,0,1,1
7,41,46,22,0,0,1,0
26,48,19,19,0,1,0,0
25,11,26,18,1,0,0,0
19,27,3,42,0,0,1,0
17,18,38,28,0,0,0,0
45,46,9,49,0,1,0,0
3,39,49,22,1,0,0,0
26,14,7,3,0,0,0,1
47,36,25,35,0,0,1,1
25,35,32,12,1,1,0,1
47,1,30,9,0,0,0,0
3,10,28,21,1,0,0,0
4,21,47,7,0,0,0,0
27,16,29,32,0,1,1,0
47,30,9,43,0,0,0,1
37,23,42,3,1,0,0,1
27,14,7,23,0,0,0,0
6,33,16,31,1,1,1,0
38,4,36,49,0,0,0,0
49,2,43,17,0,0,1,0
16,38,7,32,1,0,0,0
49,11,39,50,0,0,0,0
7,6,6,34,0,1,1,0
35,48,18,42,1,1,0,0
15,49,19,47,0,0,0,0
38,5,50,7,0,0,0,0
45,8,21,23,0,0,0,0
23,31,32,22,0,0,0,0
21,35,40,33,0,1,0,1
30,26,47,22,0,0,0,0
14,3,45,41,0,1,0,0
36,9,10,35,0,0,0,1
1,48,15,5,0,1,0,0
30,7,26,33,0,0,0,1
37,41,1,23,1,0,0,0
30,12,7,33,0,1,0,1
18,31,37,1,0,0,1,0
9,44,40,39,0,0,0,0
19,6,36,7,0,1,0,0
3,2,48,2,1,0,1,0
13,33,5,35,0,1,0,1
7,37,17,21,0,1,0,0
7,16,4,6,0,1,0,1
21,2,10,41,0,0,0,0
23,15,13,3,0,0,0,1
23,50,18,22,0,0,0,0
42,41,40,40,0,0,0,0
27,20,42,10,0,0,0,0
35,25,36,12,1,1,0,1
40,1,12,19,0,0,1,0
39,8,33,14,0,0,1,0
41,16,13,22,0,1,0,0
7,30,47,28,0,0,0,0
19,18,9,47,0,0,0,0
21,41,46,50,0,0,1,0
20,10,36,8,0,0,0,0
31,35,38,3,0,1,0,1
46,9,12,49,1,0,1,0
14,43,45,42,0,1,0,0
49,48,25,24,0,1,1,0
32,34,21,35,0,0,0,1
24,49,25,36,0,0,1,0
23,26,9,6,0,0,0,1
28,13,45,5,0,0,0,0
28,12,49,23,0,1,0,0
24,1,50,27,0,0,0,0
19,11,1,22,0,0,0,0
41,27,17,39,0,0,0,0
20,22,34,26,0,0,0,0
37,39,2,12,1,0,0,1
33,25,41,42,1,1,0,0
5,45,26,18,0,0,0,0
29,11,9,11,1,0,0,0
35,19,23,35,1,0,0,1
35,46,45,18,1,1,0,0
44,38,37,24,0,0,1,0
18,18,9,50,0,0,0,0
30,35,9,17,0,1,0,0
27,38,4,4,0,0,0,0
5,7,42,22,0,0,0,0
42,2,30,26,0,0,0,0
20,46,17,22,0,1,0,0
8,5,48,42,0,0,1,0
23,31,30,39,0,0,0,0
8,31,5,9,0,0,0,0
4,14,34,30,0,0,0,0
35,45,35,38,1,0,1,0
42,38,39,49,0,0,0,0
38,15,39,41,0,0,0,0
6,39,1,36,1,0,0,0
19,44,38,5,0,0,0,0
32,15,39,43,0,0,0,1
15,12,35,46,0,1,1,1
4,35,2,16,0,1,0,1
48,23,12,7,1,0,1,0
33,5,30,36,1,0,0,0
11,3,37,11,0,1,1,0
24,20,42,40,0,0,0,0
46,6,26,7,1,1,0,0
32,32,38,37,0,0,0,1
36,3,22,44,0,1,0,0
46,37,44,26,1,1,0,0
30,26,36,29,0,0,0,1
33,40,7,7,1,0,0,0
33,12,1,20,1,1,0,1
22,48,34,17,0,1,0,0
21,47,19,21,1,0,1,1
44,26,23,4,1,0,1,0
19,33,39,7,1,1,0,0
35,32,36,29,1,0,1,1
21,36,50,17,1,1,0,0
44,37,28,10,1,1,1,1
32,24,25,20,0,1,1,1
15,21,34,42,0,1,0,0
18,33,31,5,0,1,0,0
19,2,16,44,1,0,1,1
32,41,41,35,0,1,1,1
10,6,7,43,1,1,0,1
32,25,45,34,0,1,1,0
40,2,42,42,1,0,0,0
24,25,39,19,1,1,0,1
13,8,23,46,1,0,1,1
18,10,45,41,0,1,1,1
49,26,13,23,0,0,1,1
25,34,30,11,1,0,1,0
23,34,29,13,1,0,1,1
19,10,49,4,1,1,0,0
19,31,26,45,1,0,0,1
17,28,30,22,0,1,1,0
38,31,27,30,0,0,0,1
1,15,41,1,0,0,1,0
34,17,25,30,0,0,1,1
1,9,35,25,0,0,1,1
21,15,9,31,1,0,0,0
39,11,32,36,0,0,0,1
39,5,6,37,0,0,1,1
23,46,26,29,1,1,0,1
13,12,21,30,1,1,1,1
17,39,47,50,0,0,0,0
10,47,19,29,1,0,1,1
1,27,44,8,0,0,1,0
8,5,31,46,0,0,0,1
4,17,29,14,0,0,1,0
37,44,36,30,1,1,1,1
40,33,8,3,1,1,0,1
39,7,11,30,0,0,0,1
6,46,32,47,1,1,0,0
21,14,45,10,1,0,1,1
8,42,50,11,0,0,0,0
30,40,31,46,1,1,0,1
48,44,46,27,1,1,1,0
4,49,31,5,0,0,0,0
24,46,50,34,1,1,0,0
20,3,10,8,1,1,1,0
5,11,5,9,0,0,0,0
8,35,22,19,0,1,0,1
39,27,13,35,0,0,1,1
4,40,32,19,0,1,0,1
30,14,33,2,1,0,1,0
3,26,15,28,1,0,0,1
12,35,48,11,1,1,1,0
49,25,19,25,0,1,1,1
48,42,2,18,1,0,0,0
29,39,7,37,1,0,0,1
7,49,50,2,0,0,0,0
33,24,47,46,1,1,0,1
38,12,22,37,0,1,0,1
42,49,22,28,0,0,0,1
24,10,7,25,1,1,0,1
28,24,30,29,1,1,1,1
40,39,47,38,1,0,0,0
22,24,18,9,0,1,0,0
30,12,15,2,1,1,0,0
50,16,12,19,0,1,1,1
46,27,2,27,1,0,0,0
1,13,5,41,0,1,0,1
39,1,46,20,0,0,1,1
33,13,15,42,1,1,0,0
37,28,41,45,1,1,1,1
44,5,33,5,1,0,1,0
49,20,38,25,0,1,0,1
34,48,38,48,0,1,0,1
14,11,45,3,0,0,1,1
46,11,45,5,1,0,1,0
4,9,3,20,0,0,1,1
11,30,50,22,0,1,0,0
10,38,30,39,1,0,1,0
49,37,44,3,0,1,1,1
2,6,16,8,0,1,1,0
33,5,39,12,1,0,0,1
1,46,38,41,0,1,0,1
44,34,5,39,1,0,0,0
9,44,44,33,0,1,1,1
18,23,9,9,0,1,0,0
22,10,19,20,0,1,1,1
35,20,3,12,1,1,1,1
3,30,10,40,1,1,1,1
28,38,12,42,1,0,1,0
17,7,14,13,0,0,0,1
27,48,5,33,0,1,0,1
41,33,17,49,1,1,0,0
2,45,48,39,0,1,1,0
34,12,21,31,0,1,1,0
46,44,14,13,1,1,0,1
3,45,37,34,1,1,1,0
49,14,44,22,0,0,1,0
43,24,3,21,1,1,1,1
1,1,20,20,0,0,1,1
36,5,25,15,1,0,1,0
16,31,8,35,1,0,0,1
31,30,8,49,0,1,0,0
29,35,34,42,1,1,0,0
28,6,23,44,1,1,1,1
43,2,33,40,1,0,1,1
6,29,23,10,1,1,1,1
33,5,34,2,1,0,0,0
15,44,8,30,0,1,0,1
44,27,16,42,1,0,1,0
18,25,50,5,0,1,0,0
11,18,28,49,0,0,1,0
33,25,8,38,1,1,0,0
36,15,3,32,1,0,1,0
42,47,31,41,0,0,0,1
8,34,49,18,0,0,0,0
34,15,8,36,0,0,0,1
22,39,48,8,0,0,1,0
24,50,50,16,1,0,0,1
42,20,30,41,0,1,1,1
39,41,44,38,0,1,1,0
4,17,18,13,0,0,0,1
35,25,25,20,1,1,1,1
7,3,48,49,0,1,1,0
37,6,18,21,1,1,0,1
9,40,36,27,0,1,1,0
30,18,10,27,1,0,1,0
42,3,3,20,0,1,1,1
45,35,15,42,1,1,0,0
42,33,32,47,0,1,0,0
15,25,9,9,0,1,0,0
11,19,17,28,0,1,0,1
34,34,8,44,0,0,0,1
11,24,9,8,0,1,0,0
37,8,24,30,1,0,1,1
39,47,41,3,0,0,1,1
24,44,23,33,1,1,1,1
43,15,45,41,1,0,1,1
6,31,11,6,1,0,0,1
20,32,28,37,1,0,1,1
18,18,33,17,0,0,1,0
23,35,7,34,1,1,0,0
17,42,23,32,0,0,1,0
24,8,5,48,1,0,0,1
26,42,2,48,0,0,0,1
20,32,37,38,1,0,1,0
26,30,18,3,0,1,0,1
32,40,50,45,0,1,0,1
16,42,5,38,1,0,0,0
14,19,38,43,0,1,0,1
8,13,8,34,0,1,0,0
8,32,6,20,0,0,1,1
46,26,5,4,1,0,0,0
3,7,35,48,1,0,1,1
41,42,24,39,1,0,1,0
23,15,35,14,1,0,1,0
24,46,25,34,1,1,1,0
6,35,33,32,1,1,1,0
30,13,29,13,1,1,1,1
47,42,19,1,0,0,1,0
6,9,46,12,1,0,1,1
14,19,9,17,0,1,0,0
28,18,30,31,1,0,1,0
50,33,50,1,0,1,0,0
38,9,30,6,0,0,1,1
38,21,46,22,0,1,1,0
13,42,5,31,1,0,0,0
19,16,7,1,1,1,0,0
32,24,12,40,0,1,1,1
35,46,43,29,1,1,1,1
38,22,2,28,0,0,0,1
25,28,3,35,1,1,1,1
37,32,17,4,1,0,0,0
26,23,49,2,0,1,0,0
9,16,31,21,0,1,0,1
11,13,9,20,0,1,0,1
24,44,22,23,1,1,0,1
46,12,30,25,1,1,1,1
4,6,6,15,0,1,1,0
50,21,24,41,0,1,1,1
10,43,35,27,1,1,1,0
31,43,27,35,0,1,0,1
38,24,8,8,0,1,0,0
29,5,6,24,1,0,1,1
19,15,35,28,1,0,1,1
12,36,43,34,1,1,1,0
25,45,25,13,1,1,1,1
32,22,19,44,0,0,1,1
43,7,41,32,1,0,1,0
18,2,24,28,0,0,1,1
21,22,20,5,1,0,1,0
2,17,22,47,0,0,0,0
45,36,15,28,1,1,0,1
39,48,13,34,0,1,1,0
17,44,14,23,0,1,0,1
38,5,6,15,0,0,1,0
16,25,38,39,1,1,0,0
36,34,9,18,1,0,0,0
6,37,50,39,1,1,0,0
22,21,45,9,0,1,1,0
21,17,48,29,1,0,1,1
12,14,9,17,1,0,0,0
9,44,38,2,0,1,0,0
33,44,49,49,1,1,0,0
32,17,6,34,0,0,1,0
23,5,18,13,1,0,0,1
39,27,31,9,0,0,0,0
1,41,9,17,0,1,0,0
31,24,22,13,0,1,0,1
44,30,19,33,1,1,1,1
7,19,20,21,0,1,1,1
4,46,40,9,0,1,1,0
38,9,15,28,0,0,0,1
35,12,43,27,1,1,1,0
44,1,20,17,1,0,1,0
39,2,23,19,0,0,1,1
1,48,37,10,0,1,1,1
50,36,50,38,0,1,0,0
23,42,41,12,1,0,1,1
1,15,46,32,0,0,1,0
35,20,46,42,1,1,1,0
9,15,17,25,0,0,0,1
42,47,31,7,0,0,0,0
6,15,22,31,1,0,0,0
10,13,23,36,1,1,1,1
2,24,10,48,0,1,1,1
10,10,44,38,1,1,1,0
47,43,6,28,0,1,1,1
23,14,13,26,1,0,1,0
46,28,10,1,1,1,1,0
22,9,40,49,0,0,1,0
38,35,27,16,0,1,0,1
36,8,34,23,1,0,0,1
43,22,27,24,1,0,0,1
31,33,39,16,0,1,0,1
46,9,26,32,1,0,0,0
27,29,48,21,0,1,1,1
30,36,19,5,1,1,1,0
30,26,30,28,1,0,1,1
42,24,6,49,0,1,1,0
37,7,12,22,1,0,1,0
14,38,48,23,0,0,1,1
16,11,42,16,1,0,0,1
26,38,35,29,0,0,1,1
5,31,39,43,0,0,0,1
18,22,15,25,0,0,0,1
26,23,14,5,0,1,0,0
9,26,13,38,0,0,1,0
18,28,33,31,0,1,1,0
36,30,44,16,1,1,1,1
33,13,19,22,1,1,1,0
19,43,9,27,1,1,0,0
4,46,36,36,0,1,1,1
35,19,26,17,1,1,0,0
46,9,5,10,1,0,0,1
20,1,44,41,1,0,1,1
10,13,10,37,1,1,1,1
4,13,15,21,0,1,0,1
22,4,4,8,0,0,0,0
3,13,27,43,1,1,0,1
22,39,18,23,0,0,0,1
11,48,10,16,0,1,1,1
34,7,16,22,0,0,1,0
48,45,8,38,1,1,0,0
19,47,2,16,1,0,0,1
29,13,24,15,1,1,1,0
40,27,17,5,1,0,0,0
35,47,26,21,1,0,0,1
46,16,39,2,1,1,0,0
22,10,22,48,0,1,0,1
37,20,23,32,1,1,1,0
13,38,47,22,1,0,0,0
2,1,39,11,0,0,0,0
8,36,37,48,0,1,1,1
44,31,37,50,1,0,1,0
18,37,49,6,0,1,0,1
4,34,1,13,0,0,0,1
18,41,9,26,0,1,0,0
21,4,50,47,1,0,0,0
19,33,18,15,1,1,0,0
16,3,44,5,1,1,1,0
4,26,16,38,0,0,1,0
4,8,7,38,0,0,0,0
21,37,6,10,1,1,1,1
40,48,31,43,1,1,0,1
31,24,7,29,0,1,0,1
2,27,14,33,0,0,0,1
47,8,31,16,0,0,0,1
33,47,9,10,1,0,0,1
5,30,5,46,0,1,0,1
30,44,1,3,1,1,0,1
31,11,43,10,0,0,1,1
39,9,14,30,0,0,0,1
1,4,45,18,0,0,1,0
35,11,30,39,1,0,1,0
44,34,4,21,1,0,0,1
21,28,16,21,1,1,1,1
45,31,37,36,1,0,1,1
13,9,39,13,1,0,0,1
17,26,10,34,0,0,1,0
2,22,1,40,0,0,0,1
16,6,44,14,1,1,1,0
46,19,7,1,1,1,0,0
28,43,26,29,1,1,0,1
35,50,5,43,1,0,0,1
41,17,43,50,1,0,1,0
34,36,33,34,0,1,1,0
39,42,3,22,0,0,1,0
18,43,22,32,0,1,0,0
3,37,44,9,1,1,1,0
31,37,36,13,0,1,1,1
21,27,23,20,1,0,1,1
39,36,27,47,0,1,0,0
29,11,6,21,1,0,1,1
36,18,27,43,1,0,0,1
26,48,41,50,0,1,1,0
20,7,42,14,1,0,0,0
26,41,36,32,0,1,1,0
35,30,27,15,1,1,0,0
49,27,9,21,0,0,0,1
24,47,44,45,1,0,1,1
30,26,31,26,1,0,0,0
27,38,37,4,0,0,1,0
24,12,22,12,1,1,0,1
16,28,49,17,1,1,0,0
9,5,16,14,0,0,1,0
5,16,32,32,0,1,0,0
45,36,30,14,1,1,1,0
23,21,4,31,1,1,0,0
30,44,16,23,1,1,1,1
36,25,28,19,1,1,1,1
7,34,31,26,0,0,0,0
17,36,27,38,0,1,0,0
35,26,40,37,1,0,1,1
3,37,9,1,1,1,0,0
11,47,33,2,0,0,1,0
1,47,47,50,0,0,0,0
45,15,1,40,1,0,0,1
30,44,12,22,1,1,1,0
40,20,48,22,1,1,1,0
4,8,9,19,0,0,0,1
24,33,22,12,1,1,0,1
17,13,45,34,0,1,1,0
33,12,32,22,1,1,0,0
47,48,29,14,0,1,1,0
20,30,8,26,1,1,0,0
34,17,38,2,0,0,0,0
8,16,21,45,0,1,1,1
9,42,23,24,0,0,1,1
17,43,4,31,0,1,0,0
21,7,41,49,1,0,1,0
18,35,45,49,0,1,1,0
40,34,24,30,1,0,1,1
15,46,15,7,0,1,0,0
20,10,13,37,1,1,1,1
39,15,39,4,0,0,0,0
32,28,1,30,0,1,0,1
33,46,31,25,1,1,0,1
50,26,17,47,0,0,0,0
26,45,28,47,0,1,1,0
37,42,18,39,1,0,0,0
27,19,47,11,0,1,0,0
4,6,39,13,0,1,0,1
23,22,16,45,1,0,1,1
33,19,47,24,1,1,0,1
12,31,33,28,1,0,1,1
5,20,39,41,0,1,0,1
5,25,34,2,0,1,0,0
32,8,8,46,0,0,0,1
37,29,20,6,1,1,1,1
35,18,24,13,1,0,1,1
39,39,15,11,0,0,0,0
24,49,48,40,1,0,1,1
10,29,21,10,1,1,1,1
37,29,43,18,1,1,1,0
26,20,22,2,0,1,0,0
27,23,18,25,0,1,0,1
12,45,33,23,1,1,1,1
9,12,42,40,0,1,0,1
36,16,35,19,1,1,1,1
41,14,1,45,1,0,0,1
4,44,3,40,0,1,1,1
28,13,29,14,1,1,1,0
45,47,12,29,1,0,1,1
24,32,30,13,1,0,1,1
5,40,24,26,0,1,1,0
44,41,42,36,1,1,0,1
2,7,16,48,0,0,1,1
23,42,19,2,1,0,1,0
22,17,16,4,0,0,1,0
46,28,50,33,1,1,0,1
24,45,26,32,1,1,0,0
19,9,40,50,1,0,1,0
15,34,34,50,0,0,0,0
15,32,20,3,0,0,1,1
47,5,30,16,0,0,1,1
50,45,44,45,0,1,1,1
11,7,46,17,0,0,1,0
21,44,38,33,1,1,0,1
35,3,11,49,1,1,0,0
2,50,46,40,0,0,1,1
45,46,16,32,1,1,1,0
37,50,17,33,1,0,0,1
41,23,11,27,1,1,0,0
40,3,22,44,1,1,0,1
13,32,35,37,1,0,1,1
6,23,30,39,1,1,1,0
25,10,37,48,1,1,1,1
14,17,36,11,0,0,1,0
48,25,48,1,1,1,1,0
39,36,48,10,0,1,1,1
30,37,10,38,1,1,1,0
27,41,16,29,0,1,1,1
44,32,28,42,1,0,1,0
3,1,37,25,1,0,1,1
10,44,3,50,1,1,1,0
14,10,49,46,0,1,0,1
40,17,23,18,1,0,1,0
28,24,38,2,1,1,0,0
32,34,3,43,0,0,1,1
20,18,31,3,1,0,0,1
35,20,36,38,1,1,1,0
25,9,11,8,1,0,0,0
33,25,26,16,1,1,0,1
28,29,37,45,1,1,1,1
48,27,27,50,1,0,0,0
35,5,12,10,1,0,1,1
26,43,35,34,0,1,1,0
10,19,27,37,1,1,0,1
36,46,5,3,1,1,0,1
41,31,11,30,1,0,0,1
8,29,22,43,0,1,0,1
33,25,24,31,1,1,1,0
16,50,8,21,1,0,0,1
41,8,12,11,1,0,1,0
49,2,9,1,0,0,0,0
31,42,15,24,0,0,0,1
18,13,7,17,0,1,0,0
10,42,49,38,1,0,0,0
17,50,27,46,0,0,0,1
16,39,28,50,1,0,1,0
20,47,19,19,1,0,1,1
40,32,41,25,1,0,1,1
29,38,14,7,1,0,0,0
17,3,29,32,0,1,1,0
28,2,9,24,1,0,0,1
26,8,6,50,0,0,1,0
3,14,47,9,1,0,0,0
34,21,47,44,0,1,0,1
8,48,14,18,0,1,0,0
1,41,11,14,0,1,0,0
11,25,6,11,0,1,1,0
36,14,28,18,1,0,1,0
30,21,20,13,1,1,1,1
26,2,36,40,0,0,1,1
1,11,29,24,0,0,1,1
21,19,17,26,1,1,0,0
4,32,1,5,0,0,0,0
50,42,33,39,0,0,1,0
29,36,35,11,1,1,1,0
19,23,10,49,1,1,1,0
31,38,13,21,0,0,1,1
37,9,9,38,1,0,0,0
35,48,42,19,1,1,0,1
33,4,28,3,1,0,1,1
31,28,4,38,0,1,0,0
46,41,35,40,1,1,1,1
22,6,34,2,0,1,0,0
44,45,12,18,1,1,1,0
21,19,23,5,1,1,1,0
14,28,30,8,0,1,1,0
2,45,45,9,0,1,1,0
23,10,2,31,1,1,0,0
32,9,41,35,0,0,1,1
7,2,3,25,0,0,1,1
6,34,49,1,1,0,0,0
16,19,14,16,1,1,0,1
39,4,44,16,0,0,1,1
29,35,14,6,1,1,0,1
17,45,35,32,0,1,1,0
2,26,20,22,0,0,1,0
12,17,26,6,1,0,0,1
28,45,42,40,1,1,0,1
33,15,33,38,1,0,1,0
43,18,2,17,1,0,0,0
25,44,12,18,1,1,1,0
13,21,9,16,1,1,0,1
34,48,22,13,0,1,0,1
5,23,5,30,0,1,0,1
26,28,36,16,0,1,1,1
31,36,11,7,0,1,0,0
30,10,38,12,1,1,0,1
32,42,39,21,0,0,0,1
3,36,5,27,1,1,0,0
17,10,26,4,0,1,0,0
44,21,24,26,1,1,1,0
23,18,10,28,1,0,1,1
17,36,24,15,0,1,1,0
22,16,14,23,0,1,0,1
29,6,21,13,1,1,1,1
2,13,22,16,0,1,0,1
31,22,23,45,0,0,1,1
39,20,33,22,0,1,1,0
33,33,11,23,1,1,0,1
30,41,26,10,1,1,0,1
42,37,23,31,0,1,1,0
9,16,19,12,0,1,1,1
43,1,38,46,1,0,0,1
29,46,37,12,1,1,1,1
7,39,26,21,0,0,0,1
42,44,26,28,0,1,0,1
8,3,28,18,0,1,1,0
22,10,35,3,0,1,1,1
18,26,32,20,0,0,0,1
11,20,21,5,0,1,1,0
1,5,31,12,0,0,0,1
8,21,24,15,0,1,1,0
5,28,39,36,0,1,0,1
42,37,27,13,0,1,0,1
14,37,31,44,0,1,0,1
45,41,37,50,1,1,1,0
20,8,9,9,1,0,0,0
48,26,27,49,1,0,0,0
16,47,30,22,1,0,1,0
44,33,37,22,1,1,1,0
13,35,44,5,1,1,1,0
31,20,25,42,0,1,1,0
36,49,41,49,1,0,1,0
47,1,15,48,0,0,0,1
17,16,48,42,0,1,1,0
44,38,42,39,1,0,0,0
17,3,31,20,0,1,0,1
14,1,43,49,0,0,1,0
19,23,26,39,1,1,0,0
30,3,38,46,1,1,0,1
50,44,45,2,0,1,1,0
13,23,45,40,1,1,1,1
16,47,48,44,1,0,1,1
12,1,15,41,1,0,0,1
13,19,23,28,1,1,1,1
18,4,47,5,0,0,0,0
13,26,11,35,1,0,0,1
17,18,45,26,0,0,1,0
50,16,37,5,0,1,1,0
37,43,48,45,1,1,1,1
6,7,39,46,1,0,0,1
25,8,30,27,1,0,1,0
5,41,49,39,0,1,0,0
49,35,42,27,0,1,0,0
8,43,11,42,0,1,0,0
20,23,42,8,1,1,0,0
11,34,31,20,0,0,0,1
26,22,3,42,0,0,1,0
1,13,11,43,0,1,0,1
32,11,6,18,0,0,1,0
3,19,17,38,1,1,0,0
42,9,34,43,0,0,0,1
33,41,11,42,1,1,0,0
8,3,1,4,0,1,0,0
25,14,50,28,1,0,0,1
15,22,21,34,0,0,1,0
11,14,6,33,0,0,1,1
21,20,37,7,1,1,1,0
9,5,4,20,0,0,0,1
21,27,47,46,1,0,0,1
25,45,30,47,1,1,1,0
45,37,15,11,1,1,0,0
50,34,21,36,0,0,1,1
25,3,37,46,1,1,1,1
15,1,17,7,0,0,0,0
2,17,14,8,0,0,0,0
14,23,29,12,0,1,1,1
50,35,50,28,0,1,0,1
38,44,13,31,0,1,1,0
17,12,49,30,0,1,0,1
36,7,20,37,1,0,1,1
4,31,48,48,0,0,1,1
28,2,9,4,1,0,0,0
2,17,42,42,0,0,0,0
1,48,29,23,0,1,1,1
47,49,29,6,0,0,1,1
10,39,46,20,1,0,1,1
27,21,14,5,0,1,0,0
46,8,9,47,1,0,0,0
11,50,22,29,0,0,0,1
31,40,50,24,0,1,0,1
19,47,20,7,1,0,1,0
18,40,2,27,0,1,0,0
1,41,41,10,0,1,1,1
22,41,20,31,0,1,1,0
3,46,18,46,1,1,0,1
17,3,2,34,0,1,0,0
23,28,19,11,1,1,1,0
27,31,37,24,0,0,1,1
38,17,48,19,0,0,1,1
1,23,42,38,0,1,0,0
50,19,43,41,0,1,1,1
17,11,42,1,0,0,0,0
36,5,50,2,1,0,0,0
7,37,17,13,0,1,0,1
44,28,47,6,1,1,0,1
43,6,42,28,1,1,0,1
47,24,45,28,0,1,1,1
46,44,38,48,1,1,0,1
35,28,5,50,1,1,0,0
44,32,50,48,1,0,0,1
13,28,29,44,1,1,1,1
22,14,24,42,0,0,1,0
30,3,14,23,1,1,0,1
50,26,46,45,0,0,1,1
11,28,19,11,0,1,1,0
35,17,43,40,1,0,1,1
7,38,38,20,0,0,0,1
49,16,33,39,0,1,1,0
38,27,34,23,0,0,0,1
4,24,12,28,0,1,1,1
15,10,17,6,0,1,0,1
43,4,29,43,1,0,1,1
31,18,39,43,0,0,0,1
4,2,49,47,0,0,0,0
29,6,39,33,1,1,0,1
7,43,34,4,0,1,0,0
4,7,43,33,0,0,1,1
24,26,15,22,1,0,0,0
48,32,14,43,1,0,0,1
43,37,19,18,1,1,1,0
4,12,24,20,0,1,1,1
28,38,20,42,1,0,1,0
4,40,2,9,0,1,0,0
45,2,40,48,1,0,1,1
13,47,46,14,1,0,1,0
20,45,37,23,1,1,1,1
44,29,46,19,1,1,1,1
6,18,8,26,1,0,0,0
50,7,30,15,0,0,1,0
27,41,28,33,0,1,1,1
44,34,39,49,1,0,0,0
44,19,45,43,1,1,1,1
40,40,8,20,1,1,0,1
14,16,5,20,0,1,0,1
46,9,42,34,1,0,0,0
49,4,7,20,0,0,0,1
15,26,15,25,0,0,0,1
49,43,19,42,0,1,1,0
49,13,45,34,0,1,1,0
38,27,41,8,0,0,1,0
17,46,37,37,0,1,1,1
47,23,49,19,0,1,0,1
47,7,48,41,0,0,1,1
26,29,16,8,0,1,1,0
47,22,5,30,0,0,0,1
45,23,3,38,1,1,1,0
7,5,38,12,0,0,0,1
47,49,27,5,0,0,0,0
3,33,12,35,1,1,1,1
29,20,5,8,1,1,0,0
26,21,38,36,0,1,0,1
50,1,48,12,0,0,1,1
42,7,12,14,0,0,1,0
48,34,4,31,1,0,0,0
39,46,9,1,0,1,0,0
33,42,26,24,1,0,0,1
14,49,34,34,0,0,0,0
48,2,44,35,1,0,1,1
49,32,50,11,0,0,0,0
33,26,15,39,1,0,0,0
10,4,10,9,1,0,1,0
10,45,17,50,1,1,0,0
42,19,26,7,0,1,0,0
5,24,15,34,0,1,0,0
10,43,19,47,1,1,1,0
6,23,4,43,1,1,0,1
17,38,17,49,0,0,0,0
24,18,41,35,1,0,1,1
28,10,9,17,1,1,0,0
9,17,14,34,0,0,0,0
27,44,11,10,0,1,0,1
7,50,13,9,0,0,1,0
12,25,37,3,1,1,1,1
24,45,47,27,1,1,0,0
42,45,43,49,0,1,1,0
27,42,31,2,0,0,0,0
33,39,32,41,1,0,0,1
23,37,33,3,1,1,1,1
7,20,44,45,0,1,1,1
26,10,30,2,0,1,1,0
45,22,9,42,1,0,0,0
20,35,17,47,1,1,0,0
33,50,38,13,1,0,0,1
42,29,24,45,0,1,1,1
9,24,42,26,0,1,0,0
11,13,43,44,0,1,1,1
33,4,41,49,1,0,1,0
10,33,31,22,1,1,0,0
14,24,31,11,0,1,0,0
36,2,16,47,1,0,1,0
28,1,2,44,1,0,0,1
24,19,2,31,1,1,0,0
39,26,41,38,0,0,1,0
1,28,17,8,0,1,0,0
30,7,12,12,1,0,1,1
27,8,25,30,0,0,1,1
24,16,2,3,1,1,0,1
40,47,42,11,1,0,0,0
2,36,7,6,0,1,0,1
25,20,21,21,1,1,1,1
45,42,10,20,1,0,1,1
10,42,19,29,1,0,1,1
3,47,40,25,1,0,1,1
41,34,18,43,1,0,0,1
13,2,44,17,1,0,1,0
2,11,24,2,0,0,1,0
22,33,44,29,0,1,1,1
29,3,23,20,1,1,1,1
1,18,44,9,0,0,1,0
35,3,2,16,1,1,0,1
17,47,11,8,0,0,0,0
19,19,14,13,1,1,0,1
22,14,48,29,0,0,1,1
27,29,9,50,0,1,0,0
20,22,34,47,1,0,0,0
3,29,6,49,1,1,1,0
41,13,8,40,1,1,0,1
1,36,12,38,0,1,1,0
43,36,36,1,1,1,1,0
35,44,9,10,1,1,0,1
32,11,17,6,0,0,0,1
1,49,41,9,0,0,1,0
10,12,6,15,1,1,1,0
21,37,26,36,1,1,0,1
36,22,36,50,1,0,1,0
21,37,30,49,1,1,1,0
20,50,34,47,1,0,0,0
48,21,46,37,1,1,1,1
36,8,50,41,1,0,0,1
28,31,49,14,1,0,0,0
39,3,10,13,0,1,1,1
9,37,27,26,0,1,0,0
13,28,27,29,1,1,0,1
34,33,22,8,0,1,0,0
2,17,2,1,0,0,0,0
18,43,9,45,0,1,0,1
19,29,14,13,1,1,0,1
21,41,26,33,1,1,0,1
11,36,18,45,0,1,0,1
17,28,40,50,0,1,1,0
8,46,20,49,0,1,1,0
5,31,18,11,0,0,0,0
16,46,30,10,1,1,1,1
34,49,14,15,0,0,0,0
22,30,27,31,0,1,0,0
16,29,33,34,1,1,1,0
24,14,10,6,1,0,1,1
31,23,28,48,0,1,1,1
33,48,7,44,1,1,0,1
38,11,11,22,0,0,0,0
40,13,5,21,1,1,0,1
28,44,14,9,1,1,0,0
30,28,43,20,1,1,1,1
24,20,1,5,1,1,0,0
35,35,17,29,1,1,0,1
42,10,19,28,0,1,1,1
7,8,46,24,0,0,1,1
24,25,24,49,1,1,1,0
35,35,14,43,1,1,0,1
9,39,36,14,0,0,1,0
23,18,17,11,1,0,0,0
29,40,46,18,1,1,1,0
49,19,41,42,0,1,1,0
13,24,16,17,1,1,1,0
39,18,22,30,0,0,0,1
30,43,47,17,1,1,0,0
21,2,9,23,1,0,0,1
13,42,24,15,1,0,1,0
40,16,12,15,1,1,1,0
40,1,2,24,1,0,0,1
17,38,8,42,0,0,0,0
38,35,22,45,0,1,0,1
13,13,6,13,1,1,1,1
14,15,7,38,0,0,0,0
5,8,8,30,0,0,0,1
34,47,4,37,0,0,0,1
27,35,21,45,0,1,1,1
8,12,30,12,0,1,1,1
8,47,38,45,0,0,0,1
38,17,48,19,0,0,1,1
20,33,27,12,1,1,0,1
2,36,48,30,0,1,1,1
32,23,23,10,0,1,1,1
43,21,12,4,1,1,1,0
8,25,41,12,0,1,1,1
8,37,31,16,0,1,0,1
26,14,38,7,0,0,0,0
16,20,17,48,1,1,0,1
21,45,6,32,1,1,1,0
32,12,19,48,0,1,1,1
10,46,15,36,1,1,0,1
50,41,16,35,0,1,1,1
16,4,36,2,1,0,1,0
7,24,28,37,0,1,1,1
32,6,29,48,0,1,1,1
50,50,13,39,0,0,1,0
12,15,4,45,1,0,0,1
36,21,23,40,1,1,1,1
33,8,23,24,1,0,1,1
46,29,32,32,1,1,0,0
35,6,44,32,1,1,1,0
27,42,21,32,0,0,1,0
45,44,9,50,1,1,0,0
47,49,26,19,0,0,0,1
15,42,45,6,0,0,1,1
39,17,46,36,0,0,1,1
22,22,39,30,0,0,0,1
45,12,33,40,1,1,1,1
5,2,22,29,0,0,0,1
36,40,23,18,1,1,1,0
38,28,26,39,0,1,0,0
11,41,29,1,0,1,1,0
7,19,20,29,0,1,1,1
16,50,43,26,1,0,1,0
6,50,8,28,1,0,0,1
8,12,50,46,0,1,0,1
25,50,22,4,1,0,0,0
9,9,16,12,0,0,1,1
37,23,14,3,1,1,0,1
17,15,49,24,0,0,0,1
11,37,21,47,0,1,1,0
14,49,11,47,0,0,0,0
34,9,46,10,0,0,1,1
3,12,3,26,1,1,1,0
40,29,43,33,1,1,1,1
27,22,49,4,0,0,0,0
40,50,10,31,1,0,1,0
17,41,20,37,0,1,1,1
42,44,12,15,0,1,1,0
20,2,40,41,1,0,1,1
16,26,35,41,1,0,1,1
27,24,49,22,0,1,0,0
9,14,13,28,0,0,1,1
13,38,44,16,1,0,1,1
7,46,49,30,0,1,0,1
44,1,18,15,1,0,0,0
8,15,34,33,0,0,0,1
49,18,31,49,0,0,0,0
29,44,12,20,1,1,1,1
33,14,42,35,1,0,0,1
26,6,12,23,0,1,1,1
1,28,31,50,0,1,0,0
15,10,34,2,0,1,0,0
5,8,4,39,0,0,0,0
11,14,18,35,0,0,0,1
14,22,26,32,0,0,0,0
6,31,10,25,1,0,1,1
50,19,38,40,0,1,0,1
49,38,30,6,0,0,1,1
43,10,40,4,1,1,1,0
38,49,50,3,0,0,0,1
19,34,23,42,1,0,1,0
7,45,22,3,0,1,0,1
27,3,47,7,0,1,0,0
18,2,9,2,0,0,0,0
34,25,39,21,0,1,0,1
21,5,45,18,1,0,1,0
3,30,6,46,1,1,1,1
40,23,42,23,1,1,0,1
19,34,49,36,1,0,0,1
45,42,15,22,1,0,0,0
3,21,21,34,1,1,1,0
28,36,48,48,1,1,1,1
41,1,21,8,1,0,1,0
28,18,49,33,1,0,0,1
43,33,18,18,1,1,0,0
21,9,42,47,1,0,0,0
39,23,33,11,0,1,1,0
5,26,11,10,0,0,0,1
25,2,15,22,1,0,0,0
38,18,42,43,0,0,0,1
14,50,46,10,0,0,1,1
15,7,19,4,0,0,1,0
17,23,1,46,0,1,0,1
26,5,6,25,0,0,1,1
50,14,5,15,0,0,0,0
23,7,24,40,1,0,1,1
11,33,41,8,0,1,1,0
11,10,18,36,0,1,0,1
48,31,2,21,1,0,0,1
23,5,48,27,1,0,1,0
44,34,43,32,1,0,1,0
20,29,39,38,1,1,0,0
22,3,19,4,0,1,1,0
5,41,49,48,0,1,0,1
49,8,28,23,0,0,1,1
6,9,34,2,1,0,0,0
5,31,15,24,0,0,0,1
14,22,36,12,0,0,1,1
16,20,13,42,1,1,1,0
9,9,28,33,0,0,1,1
2,36,14,25,0,1,0,1
46,44,1,7,1,1,0,0
48,15,47,8,1,0,0,0
3,20,35,15,1,1,1,0
3,6,40,6,1,1,1,1
4,12,29,12,0,1,1,1
31,46,47,30,0,1,0,1
41,14,43,17,1,0,1,0
16,27,3,44,1,0,1,1
20,34,41,15,1,0,1,0
18,9,30,3,0,0,1,1
19,42,16,20,1,0,1,1
1,12,41,41,0,1,1,1
44,26,50,1,1,0,0,0
11,13,21,8,0,1,1,0
13,34,29,4,1,0,1,0
21,25,45,42,1,1,1,0
48,37,18,9,1,1,0,0
1,17,5,31,0,0,0,0
32,6,32,36,0,1,0,1
8,34,28,16,0,0,1,1
12,21,50,20,1,1,0,1
26,2,50,6,0,0,0,1
44,31,23,38,1,0,1,0
22,43,27,36,0,1,0,1
11,1,34,24,0,0,0,1
16,20,38,19,1,1,0,1
47,48,20,2,0,1,1,0
11,31,40,22,0,0,1,0
37,39,43,26,1,0,1,0
34,44,40,8,0,1,1,0
5,43,11,27,0,1,0,0
47,25,36,19,0,1,1,1
22,9,5,26,0,0,0,0
24,15,50,26,1,0,0,0
50,50,35,25,0,0,1,1
3,41,10,38,1,1,1,0
35,10,28,5,1,1,1,0
6,8,16,22,1,0,1,0
34,20,50,1,0,1,0,0
43,15,12,14,1,0,1,0
8,19,9,11,0,1,0,0
11,45,3,29,0,1,1,1
30,50,29,9,1,0,1,0
45,14,3,49,1,0,1,0
16,28,42,47,1,1,0,0
32,49,2,6,0,0,0,1
27,44,9,12,0,1,0,1
37,18,4,18,1,0,0,0
49,44,49,24,0,1,0,1
25,48,34,45,1,1,0,1
42,11,11,11,0,0,0,0
43,35,2,23,1,1,0,1
15,6,34,38,0,1,0,0
32,16,12,18,0,1,1,0
35,15,39,21,1,0,0,1
25,43,4,43,1,1,0,1
42,46,32,37,0,1,0,1
40,44,16,34,1,1,1,0
4,8,21,38,0,0,1,0
45,32,37,33,1,0,1,1
19,30,18,39,1,1,0,0
30,18,12,20,1,0,1,1
30,26,32,1,1,0,0,0
36,22,5,28,1,0,0,1
48,34,4,1,1,0,0,0
13,22,7,16,1,0,0,1
15,6,6,3,0,1,1,1
30,32,24,46,1,0,1,1
27,28,11,34,0,1,0,0
14,17,39,18,0,0,0,0
15,44,20,25,0,1,1,1
42,45,24,42,0,1,1,0
22,12,15,41,0,1,0,1
9,34,9,47,0,0,0,0
27,2,28,34,0,0,1,0
9,15,35,23,0,0,1,1
15,30,46,13,0,1,1,1
2,16,20,1,0,1,1,0
3,15,8,44,1,0,0,1
17,26,9,17,0,0,0,0
23,35,14,18,1,1,0,0
37,13,23,34,1,1,1,0
36,43,3,38,1,1,1,0
30,23,40,4,1,1,1,0
50,15,27,27,0,0,0,0
17,5,21,34,0,0,1,0
47,25,31,28,0,1,0,1
49,2,19,27,0,0,1,0
40,4,41,14,1,0,1,0
30,24,15,20,1,1,0,1
3,31,48,50,1,0,1,0
13,24,19,20,1,1,1,1
43,29,45,4,1,1,1,0
11,23,19,49,0,1,1,0
21,19,49,18,1,1,0,0
5,25,37,43,0,1,1,1
1,42,37,33,0,0,1,1
4,9,35,26,0,0,1,0
21,26,50,24,1,0,0,1
17,35,34,23,0,1,0,1
14,9,23,21,0,0,1,1
11,8,16,33,0,0,1,1
13,48,46,4,1,1,1,0
40,11,26,20,1,0,0,1
6,4,4,41,1,0,0,1
22,40,37,11,0,1,1,0
3,33,27,9,1,1,0,0
20,28,46,5,1,1,1,0
18,16,28,5,0,1,1,0
25,4,22,1,1,0,0,0
27,49,22,24,0,0,0,1
34,1,21,13,0,0,1,1
40,22,41,9,1,0,1,0
12,22,24,28,1,0,1,1
40,25,2,3,1,1,0,1
35,7,2,5,1,0,0,0
13,39,41,42,1,0,1,0
2,15,35,33,0,0,1,1
21,34,11,17,1,0,0,0
43,27,41,19,1,0,1,1
2,30,39,32,0,1,0,0
2,43,35,15,0,1,1,0
2,30,3,29,0,1,1,1
3,27,50,36,1,0,0,1
32,24,43,12,0,1,1,1
23,9,46,13,1,0,1,1
12,24,9,5,1,1,0,0
48,31,22,43,1,0,0,1
50,32,48,27,0,0,1,0
7,10,48,13,0,1,1,1
49,15,18,32,0,0,0,0
37,39,16,3,1,0,1,1
48,25,50,32,1,1,0,0
24,11,44,38,1,0,1,0
33,22,21,50,1,0,1,0
1,33,6,47,0,1,1,0
7,11,16,39,0,0,1,0
40,18,14,1,1,0,0,0
41,37,7,25,1,1,0,1
7,41,38,23,0,1,0,1
44,24,23,31,1,1,1,0
21,33,7,5,1,1,0,0
8,24,29,48,0,1,1,1
19,8,25,44,1,0,1,1
24,31,8,3,1,0,0,1
2,30,46,42,0,1,1,0
17,25,26,22,0,1,0,0
27,1,21,13,0,0,1,1
29,34,42,29,1,0,0,1
32,40,42,47,0,1,0,0
29,49,35,34,1,0,1,0
15,26,35,4,0,0,1,0
10,6,24,28,1,1,1,1
10,34,6,1,1,0,1,0
1,17,36,43,0,0,1,1
45,20,34,17,1,1,0,0
28,4,17,1,1,0,0,0
16,30,41,7,1,1,1,0
9,7,10,40,0,0,1,1
9,16,25,27,0,1,1,0
38,15,10,37,0,0,1,1
17,36,47,48,0,1,0,1
31,11,33,8,0,0,1,0
4,11,30,8,0,0,1,0
1,19,6,3,0,1,1,1
4,13,50,39,0,1,0,0
48,48,21,43,1,1,1,1
4,6,7,13,0,1,0,1
19,3,23,6,1,1,1,1
47,3,44,22,0,1,1,0
13,14,4,32,1,0,0,0
22,21,44,46,0,1,1,1
40,14,1,22,1,0,0,0
50,23,10,39,0,1,1,0
45,15,46,21,1,0,1,1
47,50,28,29,0,0,1,1
16,35,19,49,1,1,1,0
44,44,14,10,1,1,0,1
21,27,31,38,1,0,0,0
9,46,18,33,0,1,0,1
47,30,19,42,0,1,1,0
10,20,33,19,1,1,1,1
12,25,32,25,1,1,0,1
18,21,39,50,0,1,0,0
10,50,12,9,1,0,1,0
48,41,22,30,1,1,0,1
9,42,24,48,0,0,1,1
21,38,2,9,1,0,0,0
45,21,21,20,1,1,1,1
5,45,18,45,0,1,0,1
48,4,27,25,1,0,0,1
39,13,14,47,0,1,0,0
50,11,41,10,0,0,1,1
30,44,36,36,1,1,1,1
35,8,24,3,1,0,1,1
22,32,13,32,0,0,1,0
1,21,32,9,0,1,0,0
11,28,43,44,0,1,1,1
6,37,21,2,1,1,1,0
50,43,46,47,0,1,1,0
37,7,28,14,1,0,1,0
23,2,9,50,1,0,0,0
17,31,47,23,0,0,0,1
18,9,37,1,0,0,1,0
14,21,7,13,0,1,0,1
26,20,2,16,0,1,0,1
50,27,14,3,0,0,0,1
46,49,14,11,1,0,0,0
26,50,10,36,0,0,1,1
31,34,32,19,0,0,0,1
23,27,13,8,1,0,1,0
12,40,32,8,1,1,0,0
41,24,24,38,1,1,1,0
15,41,35,34,0,1,1,0
50,37,10,41,0,1,1,1
47,22,45,45,0,0,1,1
37,8,21,1,1,0,1,0
46,22,10,11,1,0,1,0
42,50,42,46,0,0,0,1
37,13,30,47,1,1,1,0
10,39,12,42,1,0,1,0
6,45,28,13,1,1,1,1
19,7,43,39,1,0,1,0
7,28,30,20,0,1,1,1
29,25,39,27,1,1,0,0
25,15,41,19,1,0,1,1
17,22,13,30,0,0,1,1
35,43,21,11,1,1,1,0
48,27,15,48,1,0,0,1
42,16,20,43,0,1,1,1
36,3,16,28,1,1,1,1
40,34,49,42,1,0,0,0
28,49,47,40,1,0,0,1
24,22,34,23,1,0,0,1
25,48,42,29,1,1,0,1
4,34,19,24,0,0,1,1
47,18,35,35,0,0,1,1
46,23,41,50,1,1,1,0
22,18,8,12,0,0,0,1
40,17,48,10,1,0,1,1
4,29,7,14,0,1,0,0
47,3,13,47,0,1,1,0
11,49,13,25,0,0,1,1
11,16,24,4,0,1,1,0
36,22,23,20,1,0,1,1
26,21,25,4,0,1,1,0
31,39,46,50,0,0,1,0
39,15,17,3,0,0,0,1
49,20,7,12,0,1,0,1
6,17,23,14,1,0,1,0
39,44,38,15,0,1,0,0
19,26,37,21,1,0,1,1
14,36,8,8,0,1,0,0
8,26,34,10,0,0,0,1
36,33,37,1,1,1,1,0
24,1,29,12,1,0,1,1
12,35,3,2,1,1,1,0
24,35,5,20,1,1,0,1
48,17,30,19,1,0,1,1
18,33,34,30,0,1,0,1
39,47,23,4,0,0,1,0
25,8,50,2,1,0,0,0
45,50,47,39,1,0,0,0
29,36,18,36,1,1,0,1
2,31,41,4,0,0,1,0
23,25,9,4,1,1,0,0
5,17,43,45,0,0,1,1
6,49,26,29,1,0,0,1
9,7,43,24,0,0,1,1
27,4,45,5,0,0,1,0
16,25,14,34,1,1,0,0
33,7,2,7,1,0,0,0
23,40,8,41,1,1,0,1
2,29,3,49,0,1,1,0
43,23,32,4,1,1,0,0
33,18,7,33,1,0,0,1
31,30,42,5,0,1,0,0
8,12,39,50,0,1,0,0
21,21,23,31,1,1,1,0
2,22,34,24,0,0,0,1
24,27,34,11,1,0,0,0
37,24,50,31,1,1,0,0
22,36,50,48,0,1,0,1
16,25,17,46,1,1,0,1
47,5,28,40,0,0,1,1
7,11,42,23,0,0,0,1
2,8,7,4,0,0,0,0
10,43,41,47,1,1,1,0
43,39,25,26,1,0,1,0
29,26,13,37,1,0,1,1
26,33,2,10,0,1,0,1
2,33,25,38,0,1,1,0
22,49,11,37,0,0,0,1
26,44,48,48,0,1,1,1
3,36,24,47,1,1,1,0
14,19,3,6,0,1,1,1
23,28,44,42,1,1,1,0
9,37,8,27,0,1,0,0
29,13,23,46,1,1,1,1
33,23,23,11,1,1,1,0
41,41,3,32,1,1,1,0
1,6,10,36,0,1,1,1
29,21,43,28,1,1,1,1
46,29,16,22,1,1,1,0
45,21,44,50,1,1,1,0
13,2,38,34,1,0,0,0
21,43,30,5,1,1,1,0
34,39,6,45,0,0,1,1
21,36,14,49,1,1,0,0
22,25,25,48,0,1,1,1
34,43,37,23,0,1,1,1
15,31,16,17,0,0,1,0
49,28,42,37,0,1,0,1
10,33,20,37,1,1,1,1
15,41,29,47,0,1,1,0
3,4,41,49,1,0,1,0
22,9,5,42,0,0,0,0
21,42,13,8,1,0,1,0
11,50,36,41,0,0,1,1
42,40,50,49,0,1,0,0
22,4,46,3,0,0,1,1
22,4,36,46,0,0,1,1
37,28,46,21,1,1,1,1
42,33,3,32,0,1,1,0
14,11,45,18,0,0,1,0
24,38,40,12,1,0,1,1
49,46,27,50,0,1,0,0
13,1,32,43,1,0,0,1
19,28,31,11,1,1,0,0
47,17,45,47,0,0,1,0
28,10,49,34,1,1,0,0
10,10,27,23,1,1,0,1
41,31,1,29,1,0,0,1
41,6,15,31,1,1,0,0
16,50,7,20,1,0,0,1
23,49,36,7,1,0,1,0
8,2,37,11,0,0,1,0
50,50,15,21,0,0,0,1
37,11,11,38,1,0,0,0
34,42,43,18,0,0,1,0
14,5,14,30,0,0,0,1
10,44,43,14,1,1,1,0
26,17,38,26,0,0,0,0
11,47,43,30,0,0,1,1
26,30,47,8,0,1,0,0
30,25,33,8,1,1,1,0
40,43,43,10,1,1,1,1
33,9,3,11,1,0,1,0
46,14,27,8,1,0,0,0
2,14,29,5,0,0,1,0
40,34,15,13,1,0,0,1
32,47,28,15,0,0,1,0
18,33,32,11,0,1,0,0
36,28,48,28,1,1,1,1
25,25,50,12,1,1,0,1
5,37,38,37,0,1,0,1
40,7,15,27,1,0,0,0
33,14,31,7,1,0,0,0
50,46,27,16,0,1,0,1
33,1,26,39,1,0,0,0
23,1,2,19,1,0,0,1
44,10,40,30,1,1,1,1
50,17,46,2,0,0,1,0
45,20,22,40,1,1,0,1
6,40,38,21,1,1,0,1
36,9,41,8,1,0,1,0
9,30,45,8,0,1,1,0
43,25,9,40,1,1,0,1
8,25,21,35,0,1,1,1
45,13,27,38,1,1,0,0
33,18,24,44,1,0,1,1
47,17,35,20,0,0,1,1
15,3,44,32,0,1,1,0
30,17,32,37,1,0,0,1
2,37,1,12,0,1,0,1
7,12,20,26,0,1,1,0
24,49,9,15,1,0,0,0
26,9,44,38,0,0,1,0
36,13,10,30,1,1,1,1
35,6,10,11,1,1,1,0
46,45,48,33,1,1,1,1
5,44,34,25,0,1,0,1
37,35,21,18,1,1,1,0
32,32,22,22,0,0,0,0
5,11,4,4,0,0,0,0
13,49,30,9,1,0,1,0
10,11,31,36,1,0,0,1
40,48,43,36,1,1,1,1
24,38,1,44,1,0,0,1
44,38,25,4,1,0,1,0
21,3,26,47,1,1,0,0
27,47,24,42,0,0,1,0
16,24,50,42,1,1,0,0
19,26,33,22,1,0,1,0
30,26,4,36,1,0,0,1
39,22,2,50,0,0,0,0
43,35,31,14,1,1,0,0
34,28,9,13,0,1,0,1
18,21,42,47,0,1,0,0
14,33,15,17,0,1,0,0
19,38,39,44,1,0,0,1
43,31,32,46,1,0,0,1
43,29,3,13,1,1,1,1
25,26,3,10,1,0,1,1
29,27,19,32,1,0,1,0
34,29,9,41,0,1,0,1
27,19,10,6,0,1,1,1
38,11,10,46,0,0,1,1
40,38,36,22,1,0,1,0
47,8,25,23,0,0,1,1
23,15,30,44,1,0,1,1
14,15,5,40,0,0,0,1
24,2,42,25,1,0,0,1
50,50,40,12,0,0,1,1
27,20,40,15,0,1,1,0
46,12,25,37,1,1,1,1
16,36,25,46,1,1,1,1
32,2,45,33,0,0,1,1
45,34,15,22,1,0,0,0
28,18,40,19,1,0,1,1
20,13,22,38,1,1,0,0
28,9,45,34,1,0,1,0
19,15,43,45,1,0,1,1
27,6,38,38,0,1,0,0
6,32,13,9,1,0,1,0
39,17,50,49,0,0,0,0
29,44,38,18,1,1,0,0
19,35,28,6,1,1,1,1
7,37,40,4,0,1,1,0
26,9,35,21,0,0,1,1
40,49,37,15,1,0,1,0
10,15,45,42,1,0,1,0
15,37,5,9,0,1,0,0
2,18,43,44,0,0,1,1
23,1,13,35,1,0,1,1
30,3,30,18,1,1,1,0
24,25,18,21,1,1,0,1
18,45,2,29,0,1,0,1
26,3,27,38,0,1,0,0
46,38,33,30,1,0,1,1
20,26,24,31,1,0,1,0
45,39,29,36,1,0,1,1
37,27,47,27,1,0,0,0
20,21,30,41,1,1,1,1
7,36,11,50,0,1,0,0
16,23,37,35,1,1,1,1
23,33,40,23,1,1,1,1
8,49,26,36,0,0,0,1
37,17,23,31,1,0,1,0
17,13,5,19,0,1,0,1
37,29,31,10,1,1,0,1
42,30,18,36,0,1,0,1
12,26,26,33,1,0,0,1
44,35,29,30,1,1,1,1
6,44,45,24,1,1,1,1
7,3,2,6,0,1,0,1
44,15,47,16,1,0,0,1
34,21,31,18,0,1,0,0
20,45,19,24,1,1,1,1
14,43,8,14,0,1,0,0
41,48,39,40,1,1,0,1
40,24,1,21,1,1,0,1
49,36,30,12,0,1,1,1
19,12,10,9,1,1,1,0
27,25,33,44,0,1,1,1
10,39,24,26,1,0,1,0
23,1,29,5,1,0,1,0
50,7,26,13,0,0,0,1
16,18,1,30,1,0,0,1
24,18,49,46,1,0,0,1
44,17,47,44,1,0,0,1
16,2,29,4,1,0,1,0
21,42,43,2,1,0,1,0
1,38,27,37,0,0,0,1
20,33,5,32,1,1,0,0
3,46,15,32,1,1,0,0
10,12,10,34,1,1,1,0
26,50,27,6,0,0,0,1
24,45,19,25,1,1,1,1
43,2,25,4,1,0,1,0
42,28,23,44,0,1,1,1
49,7,30,5,0,0,1,0
18,26,12,48,0,0,1,1
24,16,18,4,1,1,0,0
24,31,14,48,1,0,0,1
25,31,23,22,1,0,1,0
1,9,1,40,0,0,0,1
42,34,28,26,0,0,1,0
49,6,22,2,0,1,0,0
13,22,32,17,1,0,0,0
37,18,42,14,1,0,0,0
12,39,21,44,1,0,1,1
27,44,37,48,0,1,1,1
13,22,46,48,1,0,1,1
6,27,22,44,1,0,0,1
9,15,19,9,0,0,1,0
9,37,28,27,0,1,1,0
29,20,48,44,1,1,1,1
29,23,22,30,1,1,0,1
39,39,26,20,0,0,0,1
6,32,43,12,1,0,1,1
27,36,17,28,0,1,0,1
45,38,15,20,1,0,0,1
22,1,31,42,0,0,0,0
24,10,35,10,1,1,1,1
44,18,38,46,1,0,0,1
48,9,43,21,1,0,1,1
47,8,9,39,0,0,0,0
46,48,14,48,1,1,0,1
8,43,32,24,0,1,0,1
33,9,36,17,1,0,1,0
20,40,34,20,1,1,0,1
17,19,14,44,0,1,0,1
21,27,38,28,1,0,0,1
38,40,13,34,0,1,1,0
43,32,49,6,1,0,0,1
12,31,2,18,1,0,0,0
7,29,9,16,0,1,0,1
26,24,35,27,0,1,1,0
12,47,22,17,1,0,0,0
26,43,17,33,0,1,0,1
40,26,26,48,1,0,0,1
8,24,16,3,0,1,1,1
3,46,24,49,1,1,1,0
39,25,41,39,0,1,1,0
45,12,25,18,1,1,1,0
10,40,26,45,1,1,0,1
5,33,18,39,0,1,0,0
35,41,46,30,1,1,1,1
11,3,50,34,0,1,0,0
46,23,23,43,1,1,1,1
40,19,13,15,1,1,1,0
21,27,30,8,1,0,1,0
50,24,41,35,0,1,1,1
38,50,43,24,0,0,1,1
16,9,2,2,1,0,0,0
43,21,23,50,1,1,1,0
29,20,8,12,1,1,0,1
34,37,31,30,0,1,0,1
16,49,23,17,1,0,1,0
47,49,49,27,0,0,0,0
43,6,7,20,1,1,0,1
8,38,36,40,0,0,1,1
44,44,39,4,1,1,0,0
32,47,18,10,0,0,0,1
10,15,14,36,1,0,0,1
28,43,21,5,1,1,1,0
24,14,23,44,1,0,1,1
49,32,2,16,0,0,0,1
28,45,21,16,1,1,1,1
24,30,17,14,1,1,0,0
40,22,9,21,1,0,0,1
12,19,32,1,1,1,0,0
49,5,30,15,0,0,1,0
21,19,49,12,1,1,0,1
24,29,49,15,1,1,0,0
49,15,43,8,0,0,1,0
41,20,12,11,1,1,1,0
29,34,29,27,1,0,1,0
24,8,27,41,1,0,0,1
6,36,16,32,1,1,1,0
23,35,32,7,1,1,0,0
27,38,39,24,0,0,0,1
5,12,37,2,0,1,1,0
18,4,34,39,0,0,0,0
21,35,32,5,1,1,0,0
46,20,10,13,1,1,1,1
50,14,36,21,0,0,1,1
28,25,24,3,1,1,1,1
8,24,34,27,0,1,0,0
34,36,22,4,0,1,0,0
36,12,14,1,1,1,0,0
18,25,47,25,0,1,0,1
38,29,36,47,0,1,1,0
19,4,49,18,1,0,0,0
6,25,50,10,1,1,0,1
21,38,35,4,1,0,1,0
22,41,14,33,0,1,0,1
1,1,15,4,0,0,0,0
10,50,14,22,1,0,0,0
49,14,32,3,0,0,0,1
26,25,7,30,0,1,0,1
8,8,38,29,0,0,0,1
13,11,12,46,1,0,1,1
16,11,8,38,1,0,0,0
24,13,38,40,1,1,0,1
24,15,35,5,1,0,1,0
3,2,21,18,1,0,1,0
50,36,4,35,0,1,0,1
38,48,14,7,0,1,0,0
42,31,33,49,0,0,1,0
41,32,11,11,1,0,0,0
6,11,8,4,1,0,0,0
14,19,37,14,0,1,1,0
49,17,12,16,0,0,1,1
21,36,13,9,1,1,1,0
34,34,49,5,0,0,0,0
6,25,31,16,1,1,0,1
27,29,15,48,1,1,1,1
10,30,35,42,0,0,1,0
27,33,1,13,1,1,0,0
26,16,27,46,0,1,1,1
19,19,36,12,0,0,0,1
5,9,16,30,0,1,1,0
37,24,29,33,1,0,1,1
30,2,15,28,0,0,1,0
48,21,25,12,1,0,1,1
1,5,5,7,0,0,0,0
5,15,20,19,0,1,0,0
38,44,1,21,0,0,0,0
18,36,37,13,0,0,1,0
43,50,38,13,1,0,0,0
15,34,49,26,1,0,1,0
23,21,38,6,0,0,0,1
13,38,44,43,0,0,0,1
40,7,7,43,0,0,0,1
18,4,8,46,0,0,0,1
15,21,34,33,1,0,0,1
12,32,4,48,1,1,0,1
50,46,35,38,0,1,1,0
21,19,17,26,0,0,0,0
12,33,13,24,1,1,0,0
34,14,4,32,0,0,0,1
33,8,25,16,1,0,1,1
13,20,28,36,0,0,0,0
48,5,29,11,1,0,1,0
20,48,41,21,0,1,0,0
37,8,6,29,1,0,1,1
28,40,32,3,0,0,1,1
24,9,50,39,0,1,0,0
50,38,43,19,0,0,1,0
11,8,35,17,0,0,1,0
19,25,14,35,0,1,0,1
3,23,12,17,1,0,1,0
8,45,23,22,0,0,0,0
33,36,47,3,1,0,0,1
40,18,30,24,0,0,0,0
32,22,22,14,1,0,0,0
6,37,13,42,1,1,0,0
46,45,26,1,1,0,0,0
13,33,12,7,0,1,1,0
17,31,27,35,0,0,1,1
14,45,15,9,0,0,1,1
1,31,15,7,0,0,1,0
38,49,21,34,0,1,0,0
19,37,20,48,0,1,0,1
25,17,44,5,1,0,0,0
1,46,14,13,0,1,0,0
41,49,32,23,0,1,1,0
27,16,45,46,1,1,0,1
11,8,10,46,0,0,0,1
48,36,26,37,1,0,0,1
10,39,19,8,0,0,0,0
43,11,41,5,1,0,0,0
4,8,4,33,0,0,0,1
5,33,22,28,0,1,0,0
20,2,20,14,0,0,0,0
41,2,1,11,0,0,0,0
48,49,26,35,1,1,0,1
26,45,45,47,0,0,0,0
1,4,27,49,0,0,1,1
44,36,31,49,0,0,0,1
12,23,44,38,1,0,0,0
3,33,5,50,1,1,0,0
30,1,44,8,0,0,0,0
36,5,49,36,0,0,1,0
12,44,32,35,1,0,1,1
20,12,17,19,0,1,0,0
8,3,19,10,0,1,0,0
20,4,31,6,0,0,0,1
35,15,5,47,1,1,0,0
4,30,10,30,0,0,0,0
41,46,8,35,0,1,0,1
8,24,27,21,0,0,1,0
14,2,11,27,0,0,0,1
7,41,30,37,0,0,0,1
50,18,30,40,0,0,0,0
29,32,43,16,1,1,1,1
1,39,36,20,0,0,0,0
33,48,39,20,1,1,0,0
40,13,3,48,0,0,1,1
6,23,40,29,1,0,0,1
36,47,46,37,0,0,1,1
19,49,49,8,0,1,1,0
2,49,25,9,0,1,1,1
12,27,14,16,1,1,0,1
44,36,31,50,0,0,0,0
22,2,29,23,0,0,1,0
45,39,1,38,0,0,0,0
45,48,28,42,0,1,0,0
43,4,8,43,1,0,0,1
5,20,23,7,0,0,0,0
33,7,3,7,1,0,1,0
38,25,2,28,0,1,0,0
15,18,46,20,1,0,1,0
48,28,31,21,1,0,0,0
7,14,23,20,0,0,0,0
38,36,9,50,0,0,1,0
11,3,18,48,0,1,0,1
29,2,39,27,1,0,0,1
24,33,24,45,0,1,0,0
41,20,18,30,0,0,0,0
25,2,22,50,1,0,0,0
3,17,27,8,1,0,1,0
32,13,34,11,1,0,0,0
46,20,20,41,1,0,0,0
12,15,19,23,1,1,0,0
49,15,16,33,1,1,1,1
22,41,9,4,0,0,1,0
32,20,13,47,1,0,0,0
23,41,31,15,0,0,0,1
46,49,10,46,1,1,0,1
24,39,41,39,0,0,0,0
6,3,8,30,1,1,0,0
20,14,3,2,0,0,1,0
36,29,7,24,0,1,0,0
43,31,17,45,1,0,0,0
11,11,29,42,0,0,1,0
40,41,48,23,0,0,1,0
32,48,50,18,1,1,0,0
9,5,25,31,1,0,1,0
41,47,50,28,0,0,0,0
4,2,33,37,0,0,1,1
25,29,37,1,1,1,1,0
9,49,11,46,1,1,0,1
18,37,3,29,0,1,1,1
20,15,27,40,0,1,1,0
25,29,17,25,1,1,0,1
25,14,42,18,1,0,0,0
2,31,4,9,0,0,0,1
24,1,19,43,0,0,0,1
2,40,35,9,0,0,1,1
36,14,10,37,0,0,0,1
10,21,12,15,0,0,1,1
29,9,21,31,1,1,0,0
48,20,17,3,1,0,0,1
34,8,10,24,0,0,0,0
21,9,3,34,0,1,1,0
4,30,24,12,0,0,0,1
24,27,34,47,0,1,0,0
14,16,3,43,0,1,1,1
32,26,44,26,1,0,0,0
16,14,34,32,1,0,0,1
45,41,1,6,0,0,0,1
33,21,37,13,1,0,1,0
31,29,16,42,0,1,1,0
48,11,8,6,1,0,0,1
11,20,7,11,0,0,0,0
19,1,40,6,0,0,0,1
34,33,39,44,0,1,0,0
23,22,17,42,0,0,0,0
35,19,21,48,1,0,0,1
21,25,32,48,0,1,1,1
8,31,26,14,0,0,0,0
5,17,22,39,0,0,0,0
20,30,43,38,0,0,1,0
26,30,48,5,0,0,1,0
44,18,17,36,0,0,0,0
33,5,42,40,1,0,0,0
2,25,30,23,0,1,0,0
14,32,1,49,0,1,0,1
40,47,20,47,0,0,0,0
21,31,6,27,0,0,1,1
10,4,4,40,0,0,0,0
10,35,1,48,0,1,0,1
23,8,37,5,0,0,1,0
27,17,22,9,1,0,0,1
25,41,26,24,1,0,0,0
21,14,50,30,0,0,0,0
12,23,15,48,1,0,1,1
11,47,5,13,0,0,0,0
25,50,26,17,1,0,0,0
46,47,39,35,1,0,0,1
1,26,15,21,0,0,1,0
14,37,44,4,0,1,0,0
47,28,40,10,0,0,0,0
23,42,40,15,0,0,0,1
27,4,3,46,1,0,1,1
4,9,2,4,0,1,0,0
42,16,49,4,0,1,1,0
11,20,20,8,0,0,0,0
5,16,3,30,0,1,1,0
16,9,14,24,1,1,0,0
6,32,26,26,1,1,0,0
44,45,43,13,0,0,1,0
41,23,21,20,0,0,0,0
22,6,47,35,0,1,0,1
35,22,44,26,1,0,0,0
14,41,20,45,0,0,0,0
24,38,40,24,0,0,0,0
44,20,15,2,0,0,1,0
38,14,17,23,0,0,0,0
50,12,39,41,0,1,0,0
40,23,5,11,0,0,0,0
33,16,40,21,1,1,0,0
2,3,32,24,0,1,1,0
14,23,44,12,0,0,0,1
21,29,42,15,0,1,0,1
12,21,25,35,1,0,1,1
17,49,47,41,0,1,0,0
43,10,10,45,1,0,0,0
6,49,24,36,1,1,0,0
49,23,49,16,1,0,1,1
37,20,11,35,1,0,0,1
10,35,48,2,0,1,1,0
16,1,38,6,1,0,0,1
43,49,39,34,1,1,0,0
48,36,43,28,1,0,1,0
42,47,48,4,0,0,1,0
42,48,22,50,0,1,0,0
5,41,31,2,0,0,0,0
36,32,39,26,0,1,0,0
1,21,34,27,0,0,0,1
37,36,22,40,1,0,0,0
27,12,48,14,1,1,1,0
2,11,16,36,0,0,1,0
46,13,7,1,1,0,0,0
42,43,12,34,0,1,1,0
12,29,30,3,1,1,0,1
19,27,21,36,0,1,0,0
22,3,8,9,0,1,0,1
4,44,16,15,0,0,1,1
20,34,47,3,0,0,0,1
8,40,14,3,0,0,0,1
42,34,32,27,0,0,1,1
41,15,31,43,0,1,0,1
8,44,21,2,0,0,0,0
10,39,14,23,0,0,0,0
28,13,19,48,0,0,0,1
38,25,17,8,0,1,0,0
13,24,13,24,0,0,0,0
30,23,33,31,0,0,1,0
27,45,18,16,1,0,0,1
13,15,5,50,0,1,0,0
24,30,44,14,0,0,0,0
33,46,18,25,1,1,0,1
43,37,36,43,1,1,0,1
34,46,8,12,0,1,0,1
26,24,6,5,0,0,1,0
29,39,27,50,1,0,1,0
44,7,31,11,0,0,0,0
16,27,37,26,1,1,1,0
1,18,45,41,0,0,0,0
32,42,27,31,1,0,1,0
43,13,50,20,1,0,0,0
30,41,4,49,0,0,0,1
2,14,44,21,0,0,0,0
12,22,48,32,1,0,1,1
44,22,24,43,0,0,0,1
3,3,40,50,1,1,0,0
21,43,1,13,0,1,0,0
23,16,33,21,0,1,1,0
31,8,7,13,0,0,0,0
43,31,26,8,1,0,0,0
44,23,16,37,0,0,1,1
2,9,36,46,0,1,0,1
37,38,14,25,1,0,0,1
9,25,38,16,1,1,0,1
26,46,39,39,0,1,0,0
47,9,1,17,0,1,0,0
28,13,40,19,0,0,0,0
26,24,1,12,0,0,0,1
46,39,32,37,1,0,1,1
46,8,42,4,1,0,0,0
50,9,48,28,0,1,1,0
26,35,11,21,0,1,0,0
40,37,45,46,0,1,0,1
47,19,7,36,0,0,0,0
12,28,15,36,1,0,1,0
30,24,16,49,0,0,1,1
28,40,47,1,0,0,0,0
47,34,42,39,0,0,0,0
42,50,18,31,0,0,0,0
10,38,12,47,0,0,1,0
19,41,9,38,0,0,1,0
10,1,45,11,0,0,0,0
38,22,49,46,0,0,1,1
41,37,28,15,0,1,0,1
29,37,36,18,1,1,0,0
25,30,1,22,1,0,0,0
30,34,41,16,0,0,0,1
5,45,50,37,0,0,0,1
28,26,5,31,0,0,0,0
25,32,8,37,1,1,0,1
22,16,20,26,0,1,0,0
31,33,22,1,0,1,0,0
45,6,42,27,0,1,0,1
43,25,21,20,1,1,0,0
41,37,6,17,0,1,1,0
14,28,46,4,0,0,1,0
34,43,29,31,0,1,1,0
41,17,24,48,0,0,0,1
11,48,21,27,0,1,0,1
2,48,27,48,0,1,1,1
24,9,21,41,0,1,0,0
4,40,16,44,0,0,1,0
37,17,10,33,1,0,0,1
38,3,22,15,0,1,0,1
21,29,26,49,0,1,0,1
23,46,31,30,0,1,0,0
26,48,48,18,0,1,1,0
46,40,37,1,1,0,1,0
32,23,46,14,1,0,1,0
33,20,11,50,1,0,0,0
32,19,32,43,1,0,1,1
5,37,29,17,0,1,1,0
43,43,5,15,1,1,0,1
29,6,10,15,1,1,0,1
9,10,13,35,1,0,0,1
36,10,40,38,0,0,0,0
49,45,6,5,1,0,1,0
5,33,10,20,0,1,0,0
3,1,6,38,1,0,1,0
10,15,23,12,0,1,0,1
16,29,23,41,1,1,0,0
42,30,45,6,0,0,0,1
42,14,29,12,0,0,1,1
35,27,45,18,1,1,0,0
6,24,45,39,1,0,0,0
31,22,2,27,0,0,0,1
29,25,17,21,1,1,0,0
7,3,31,19,0,1,0,0
31,41,50,21,0,0,0,0
32,3,3,3,1,1,1,1
22,4,7,5,0,0,0,0
42,31,41,21,0,0,0,0
45,38,9,46,0,0,1,1
45,47,46,47,0,0,1,0
45,39,15,35,0,0,1,1
10,42,48,40,0,0,1,0
22,11,33,32,0,0,1,1
25,50,14,19,1,0,0,0
9,9,21,18,1,1,0,0
19,26,43,47,0,0,1,0
14,24,31,20,0,0,0,0
17,48,26,5,0,1,0,0
25,32,23,48,1,1,0,1
26,27,41,39,0,1,0,0
13,26,28,20,0,0,0,0
21,37,15,21,0,1,1,0
10,22,8,11,0,0,0,0
4,31,44,46,0,0,0,1
42,40,12,2,0,0,1,0
34,17,50,44,0,0,0,0
11,19,9,21,0,0,1,0
16,43,8,35,1,1,0,1
15,5,32,47,1,0,1,0
7,35,17,49,0,1,0,1
34,15,31,12,0,0,1,1
22,26,28,41,1,1,0,0
7,6,47,15,0,1,0,0
6,21,36,8,1,0,0,0
7,4,38,16,0,0,1,1
40,49,48,35,0,0,1,1
44,21,13,45,0,0,0,0
5,8,18,15,0,0,1,0
1,4,41,23,1,0,0,0
39,33,3,2,0,1,1,0
26,35,19,42,1,1,0,0
45,50,10,10,0,1,0,0
45,6,18,20,0,1,1,0
11,28,19,39,0,0,0,0
49,1,35,32,0,1,1,0
46,10,45,10,1,0,0,0
16,12,31,45,1,1,1,0
42,50,26,18,0,1,1,1
14,37,47,19,1,1,0,0
40,25,40,19,0,1,0,0
22,37,5,27,1,1,0,0
19,34,6,26,0,0,1,1
16,31,35,27,1,1,1,0
9,18,5,15,0,1,0,0
33,9,46,28,1,0,1,0
17,38,38,12,1,1,1,1
42,48,40,22,0,1,0,1
18,43,43,42,1,1,1,0
16,50,41,36,1,1,0,0
27,26,31,50,0,1,1,1
50,29,15,20,1,1,0,0
37,13,2,43,1,0,0,1
8,33,19,3,0,1,0,1
26,31,11,10,1,1,0,0
17,36,36,14,1,0,0,1
27,50,15,11,0,1,0,0
7,38,24,1,0,1,0,1
22,50,19,31,1,1,0,1
1,46,3,36,1,1,1,0
44,14,26,22,0,1,1,1
19,46,39,33,0,1,0,1
36,19,18,18,0,0,1,1
17,35,23,47,1,1,0,0
39,24,6,25,0,0,1,1
37,44,31,37,1,0,1,1
5,23,49,16,0,0,0,1
6,25,14,41,1,1,1,0
10,34,45,25,0,0,0,1
33,2,44,1,1,0,0,1
33,45,37,8,1,0,1,0
5,23,28,24,0,0,0,0
47,14,40,9,0,1,0,0
41,5,44,28,0,0,0,0
42,20,39,15,0,0,0,0
27,34,31,27,0,0,1,0
42,44,30,17,0,0,0,1
25,8,45,45,1,0,0,0
16,9,8,26,1,0,0,1
37,18,6,40,1,1,1,0
37,32,7,48,1,0,0,1
24,15,20,8,0,0,0,0
15,37,44,44,0,1,0,0
47,1,14,5,0,1,1,0
26,29,34,23,1,1,0,0
47,5,13,37,0,0,0,1
20,41,21,37,0,0,0,1
29,18,33,16,1,1,1,1
44,11,40,36,0,0,0,0
40,17,2,36,0,1,0,0
38,1,34,3,1,1,0,1
16,39,30,1,1,0,0,1
18,34,29,47,1,0,1,0
35,17,16,3,1,1,1,1
11,32,24,33,0,0,0,1
24,17,37,21,0,1,1,0
25,27,15,5,1,0,0,0
29,19,46,26,1,0,1,1
16,11,46,16,1,0,1,1
35,22,44,8,1,1,0,0
41,38,12,42,0,1,1,0
44,3,28,44,0,1,0,0
25,40,14,49,1,0,1,0
5,2,48,6,0,0,1,1
31,1,46,14,1,1,1,1
32,24,44,48,0,0,0,1
24,4,16,9,0,0,1,0
30,18,29,4,0,1,1,0
28,2,19,20,0,0,0,0
6,27,33,22,1,0,1,1
40,24,22,23,0,0,1,0
41,14,2,50,0,1,0,1
12,16,2,19,1,1,0,0
17,10,6,4,1,0,1,0
40,44,38,37,0,0,1,1
13,32,17,38,0,0,1,1
5,36,29,42,0,0,1,0
9,50,29,48,0,1,1,1
28,21,15,48,0,0,0,1
38,22,49,41,1,1,0,0
47,32,15,17,0,0,0,1
7,5,44,17,0,0,0,1
11,25,45,9,0,1,0,0
34,29,28,43,0,1,0,1
44,4,19,37,0,0,0,1
19,50,39,9,0,1,0,0
17,1,49,36,1,1,0,0
40,33,38,9,0,1,1,0
41,47,27,3,0,0,0,1
2,20,2,4,0,0,0,0
3,2,19,2,1,0,0,0
6,17,44,25,1,1,0,1
23,19,8,35,0,0,0,1
32,28,39,28,0,0,0,0
9,11,5,4,0,0,0,0
5,14,8,23,0,1,0,0
18,49,27,38,1,0,0,1
17,41,40,3,1,0,0,1
21,5,8,2,0,0,0,0
37,39,31,29,1,0,1,1
35,5,18,49,1,0,1,0
40,21,37,28,0,0,1,0
50,5,24,3,1,0,0,1
14,27,39,36,1,0,0,0
33,48,9,11,1,1,0,0
34,20,45,11,0,0,0,0
29,16,44,19,1,1,0,0
17,34,21,26,1,0,0,1
48,10,23,38,1,0,0,1
41,34,34,46,0,0,0,1
35,21,37,9,1,0,1,0
12,41,35,21,1,0,1,0
50,1,46,49,1,1,1,0
40,13,17,15,0,0,1,0
15,20,11,17,0,0,0,1
12,26,40,49,1,1,0,0
48,10,39,48,1,0,0,1
27,47,11,43,0,0,0,1
37,8,49,7,1,0,0,0
2,18,28,11,0,1,0,0
23,4,10,22,0,0,0,1
42,34,39,28,0,0,0,0
41,24,50,48,0,0,1,1
44,24,3,36,0,0,1,0
26,45,22,41,1,0,1,0
1,26,9,2,1,1,0,0
17,18,37,8,1,1,1,0
17,20,12,17,1,0,1,1
32,17,24,50,0,1,0,1
47,26,28,26,0,1,0,1
12,39,50,34,1,0,1,0
31,38,14,14,1,1,1,1
27,35,38,46,0,1,1,1
50,49,38,20,1,0,1,0
16,35,10,5,1,1,0,0
7,10,44,49,0,0,0,0
8,10,42,50,0,0,0,1
23,14,48,16,0,1,1,1
48,45,5,21,1,0,0,0
12,37,22,26,1,1,1,1
36,43,9,27,0,1,0,0
25,38,13,46,1,1,0,1
14,20,6,11,1,0,1,0
4,7,30,48,0,0,0,1
10,10,24,44,0,0,0,0
1,10,41,41,1,0,0,0
43,2,26,6,1,0,1,1
40,14,20,10,0,1,0,0
48,13,27,6,1,0,0,1
16,26,19,21,1,1,0,0
4,24,13,38,0,0,0,1
11,8,1,35,0,0,1,1
14,3,42,11,1,1,0,0
42,6,49,19,0,1,0,0
25,43,1,12,1,1,1,1
8,17,15,12,0,1,0,1
41,39,12,44,0,0,1,0
33,12,50,25,1,1,1,1
23,20,41,13,0,0,0,0
35,45,17,7,1,0,1,0
50,12,28,12,1,1,0,1
46,45,43,22,1,0,1,1
1,41,24,29,1,0,0,1
34,18,4,14,0,1,0,1
28,36,41,37,0,0,0,1
15,34,15,45,0,0,0,0
14,45,45,35,1,0,0,1
34,38,10,11,0,1,0,0
28,6,15,42,0,1,0,0
24,34,19,19,0,0,0,0
14,17,23,13,1,1,0,0
25,6,13,3,1,1,0,1
11,45,23,19,0,0,0,0
41,11,48,20,0,0,1,0
50,50,50,5,1,1,1,0
18,19,10,33,1,0,0,1
16,18,30,4,1,1,0,0
41,38,40,23,0,1,0,0
6,46,12,9,1,1,1,0
37,24,1,50,1,0,1,1
42,19,27,10,0,0,0,0
46,7,1,36,1,0,1,0
11,24,2,10,0,0,0,0
5,22,22,28,0,1,1,0
35,29,40,17,1,1,0,1
33,32,7,20,1,0,0,0
41,13,32,12,0,0,0,1
19,6,4,31,0,1,0,1
13,43,36,38,0,1,0,1
38,13,50,49,1,0,1,0
50,46,22,20,1,1,1,0
31,43,10,49,1,1,0,0
32,11,50,8,0,0,1,0
48,20,23,33,1,0,0,1
24,39,32,23,0,0,0,0
4,18,46,30,0,1,1,0
42,13,10,16,0,0,0,1
38,23,29,40,1,0,1,0
29,18,37,38,1,1,1,1
18,30,26,10,1,0,1,0
46,13,11,15,1,0,0,0
38,8,48,42,1,0,1,0
46,43,22,15,1,1,1,0
44,47,15,46,0,0,0,1
26,26,14,24,1,1,1,0
42,35,18,39,0,1,1,0
21,29,6,9,0,1,1,0
20,32,15,34,0,0,0,0
35,34,50,17,1,0,1,1
7,16,22,34,0,1,1,0
10,5,27,4,0,0,0,0
25,9,15,1,1,0,0,1
3,35,41,8,1,1,0,0
1,32,39,21,1,0,0,0
34,18,47,32,0,1,0,0
14,36,10,26,1,0,0,1
44,19,44,9,0,0,0,0
17,45,13,3,1,0,0,1
4,42,19,16,0,0,0,1
11,19,27,40,0,0,0,0
7,34,36,40,0,0,0,0
5,22,35,42,0,1,1,0
50,27,20,23,1,0,0,0
11,37,16,47,0,1,1,0
36,14,1,50,0,1,1,1
35,17,25,36,1,1,1,0
11,8,36,31,0,0,0,1
13,4,1,25,0,0,1,1
50,19,30,29,1,0,0,1
30,50,36,31,0,1,0,1
37,18,41,37,1,1,0,1
19,31,31,37,0,1,1,1
4,5,40,8,0,0,0,0
5,3,34,42,0,1,0,0
49,7,50,23,0,0,1,0
8,41,37,12,0,0,1,1
22,28,4,6,1,0,0,1
15,31,23,40,0,1,0,0
9,3,15,30,0,1,0,0
39,5,18,48,0,0,1,1
26,18,30,11,1,1,0,0
40,31,47,48,0,1,0,1
43,46,49,50,1,1,0,1
14,36,36,8,1,0,0,0
3,28,34,14,1,0,0,1
29,50,33,3,1,1,1,1
46,7,13,8,1,0,0,0
33,44,37,4,1,0,1,0
10,3,30,50,0,1,0,1
28,2,29,29,0,0,1,1
14,37,12,21,1,1,1,0
28,4,19,36,0,0,0,0
25,41,30,39,1,0,0,0
7,3,36,8,0,1,0,0
30,28,18,18,0,0,1,1
44,28,18,17,0,0,1,1
46,18,29,5,1,1,1,0
37,45,27,6,1,0,0,1
28,26,40,6,0,1,0,1
6,36,1,40,1,0,1,0
30,10,50,49,0,0,1,0
49,22,11,17,0,1,0,1
2,28,1,35,0,0,1,1
46,13,31,12,1,0,1,1
3,36,1,8,1,0,1,0
43,46,35,10,1,1,1,0
3,7,4,1,1,0,0,1
45,36,39,3,0,0,0,1
35,7,45,19,1,0,0,0
26,44,6,46,1,0,1,1
49,8,9,24,0,0,0,0
23,46,17,35,0,1,1,1
19,36,42,16,0,0,0,1
21,29,18,12,0,1,1,1
47,42,9,15,0,0,0,0
2,21,42,49,0,0,0,0
16,47,30,22,1,0,0,1
39,32,40,9,0,0,0,0
44,41,33,36,0,0,1,0
50,28,48,41,1,0,1,0
9,3,2,23,0,1,0,0
25,32,31,36,1,0,1,0
47,32,15,20,0,0,0,0
6,34,5,48,1,0,0,1
16,12,43,40,1,1,1,0
25,8,11,28,1,0,0,0
10,19,42,50,0,0,0,1
22,42,50,35,1,0,1,1
21,37,24,17,0,1,0,1
1,26,7,8,1,1,0,0
34,2,6,8,0,0,1,0
40,12,28,50,0,1,0,1
43,49,29,26,1,0,1,1
4,25,35,5,0,1,1,0
25,39,47,20,1,0,0,0
32,10,34,3,0,0,0,1
2,33,26,49,0,1,1,0
16,35,50,33,1,1,1,1
24,41,25,12,0,0,1,1
46,17,35,33,1,1,1,1
21,20,10,2,0,0,0,0
50,17,48,18,1,1,1,1
45,36,24,21,0,0,0,0
1,7,41,28,1,0,0,0
23,37,3,7,0,1,1,0
12,39,46,33,1,0,1,1
10,36,22,47,0,0,1,0
8,46,19,22,0,1,0,1
31,23,21,20,1,0,0,0
17,46,29,18,1,1,1,1
26,17,29,47,1,1,1,0
40,15,44,13,0,0,0,0
36,40,25,10,0,0,1,0
26,35,48,20,1,1,1,0
23,3,50,28,0,1,1,0
8,22,19,17,0,1,0,1
44,9,19,7,0,0,0,0
8,36,24,6,0,0,0,1
50,35,15,25,1,1,0,1
34,43,40,33,0,1,0,1
24,14,49,20,0,1,0,0
9,22,8,41,0,1,0,0
19,39,25,17,0,0,1,1
45,1,18,7,0,1,1,0
44,47,23,29,0,0,0,1
12,28,24,34,1,0,0,0
1,1,18,27,1,1,1,0
40,46,27,8,0,1,0,0
38,21,14,13,1,0,1,0
18,38,8,16,1,1,0,1
11,22,22,50,0,1,1,1
50,38,41,2,1,1,0,0
35,3,13,43,1,1,0,1
22,34,38,50,1,0,1,1
11,38,1,10,0,1,1,0
48,39,13,18,1,0,0,1
14,26,10,41,1,1,0,0
13,20,12,20,0,0,1,0
27,3,10,48,0,1,0,1
23,39,21,3,0,0,0,1
31,30,36,30,1,0,0,0
34,24,43,48,0,0,1,1
28,50,34,6,0,1,0,1
11,2,33,22,0,0,1,1
24,3,41,18,0,1,0,1
23,38,11,20,0,1,0,0
49,22,4,45,0,1,0,0
45,47,24,3,0,0,0,1
22,22,39,7,1,1,0,0
10,44,29,46,0,0,1,1
2,28,29,36,0,0,1,0
48,17,46,6,1,1,1,1
19,31,13,29,0,1,0,1
45,25,40,6,0,1,0,1
10,44,1,15,0,0,1,0
48,12,2,40,1,1,0,0
50,28,9,48,1,0,0,1
21,37,12,16,0,1,1,1
15,36,40,32,0,0,0,0
19,18,6,4,0,1,1,0
6,18,15,25,1,1,0,1
28,12,22,43,0,1,1,1
27,11,19,44,0,0,0,0
10,41,29,37,0,0,1,1
43,5,45,17,1,0,0,1
4,46,24,27,0,1,0,0
40,2,15,50,0,0,0,1
13,23,26,19,0,0,1,0
31,34,20,2,1,0,0,0
18,27,21,16,1,0,0,1
30,19,26,27,0,0,1,0
14,45,14,43,1,0,1,1
46,45,7,46,1,0,0,1
40,20,48,18,0,0,1,1
27,42,4,18,0,0,0,1
4,34,33,4,0,0,1,0
31,49,12,13,1,0,1,0
41,6,22,31,0,1,1,1
32,15,6,37,0,0,1,1
27,9,33,23,0,0,1,0
17,13,34,4,1,0,0,0
48,26,42,12,1,1,0,1
42,29,40,24,0,1,0,0
17,44,26,26,1,0,1,1
10,37,40,4,0,1,0,0
5,15,22,10,0,0,1,0
33,38,13,45,1,1,0,0
42,12,6,21,0,1,1,0
23,28,10,3,0,0,0,1
8,33,15,25,0,1,0,1
35,20,6,11,1,0,1,0
7,1,36,13,0,1,0,0
41,7,19,1,0,0,0,1
38,3,33,21,1,1,1,0
36,40,40,41,0,0,0,0
24,20,6,2,0,0,1,0
22,47,46,29,1,0,1,1
19,21,32,36,0,0,0,0
27,22,42,18,0,1,0,1
41,23,18,9,0,0,1,0
38,12,25,25,1,1,1,1
2,8,20,23,0,0,0,0
21,8,48,44,0,0,1,0
3,20,29,16,1,0,1,1
22,24,45,45,1,0,0,0
29,29,9,12,1,1,0,1
23,2,42,39,0,0,0,0
43,14,42,4,1,1,0,0
47,22,14,3,0,1,1,1
37,11,12,50,1,0,1,1
38,33,16,6,1,1,1,1
35,36,12,31,1,0,1,1
42,37,5,39,0,1,0,0
8,17,7,25,0,1,0,1
24,36,50,33,0,0,1,1
13,33,41,22,0,1,0,1
4,50,21,46,0,1,0,1
37,5,7,1,1,0,0,1
22,41,2,17,1,0,0,1
1,40,7,3,1,0,0,1
6,50,11,36,1,1,0,0
33,50,30,11,1,1,0,0
7,20,32,48,0,0,0,1
45,12,42,34,0,1,0,0
2,19,6,43,0,0,1,1
3,28,5,39,1,0,0,0
48,18,36,21,1,1,0,0
25,25,23,32,1,1,0,0
8,47,21,36,0,0,0,0
34,2,21,2,0,0,0,0
24,21,27,9,0,0,0,0
23,17,11,19,0,1,0,0
3,14,34,37,1,1,0,1
23,30,36,44,0,0,0,0
7,49,27,27,0,0,0,0
36,36,14,19,0,0,1,0
49,27,6,37,0,0,1,1
13,28,38,14,0,0,1,1
17,44,7,19,1,0,0,0
17,9,4,46,1,0,0,1
47,26,47,14,0,1,0,1
7,21,28,5,0,0,0,0
33,43,45,41,1,1,0,0
21,16,43,41,0,1,1,0
25,26,5,36,1,1,0,0
20,17,44,1,0,1,0,1
25,34,43,31,1,0,1,1
30,39,9,15,0,0,0,0
29,2,10,49,1,0,0,0
8,23,5,22,0,0,0,1
15,42,9,8,0,0,0,0
48,31,49,19,1,1,0,0
39,16,9,7,0,1,0,0
14,48,49,16,1,1,0,1
17,20,50,1,1,0,1,1
43,7,50,21,1,0,1,0
1,30,35,3,1,0,1,1
41,36,1,27,0,0,1,0
43,28,22,18,1,0,1,1
32,19,28,22,0,0,0,1
22,8,45,19,1,0,0,0
11,27,22,45,0,0,1,0
9,22,10,28,0,1,0,0
41,23,39,6,0,0,0,1
34,47,17,7,0,0,1,0
16,15,21,32,1,0,0,0
48,8,40,5,1,0,0,0
35,12,33,44,1,1,1,0
22,11,20,33,1,0,0,1
5,2,25,19,0,0,1,0
26,2,45,43,1,0,0,1
31,18,50,40,1,1,1,0
20,44,42,7,0,0,0,0
12,32,43,31,1,0,1,1
19,40,30,42,0,0,0,0
26,42,2,48,1,0,0,1
1,3,26,37,1,1,1,1
47,9,50,4,0,0,1,0
39,47,26,22,0,0,1,1
24,12,40,29,0,1,0,1
7,24,21,34,0,0,0,0
25,11,38,46,1,0,1,1
11,22,47,47,0,1,0,0
42,46,5,24,0,1,0,0
39,3,48,29,0,1,1,1
19,31,8,11,0,1,0,0
44,34,7,37,0,0,0,1
27,36,26,46,0,0,1,1
31,32,38,21,1,0,1,0
15,49,19,16,0,0,0,1
1,8,13,15,1,0,0,0
4,29,5,30,0,1,0,0
15,10,28,36,0,0,0,0
15,41,5,11,0,0,0,0
40,24,13,7,0,0,0,0
33,25,15,38,1,1,0,1
1,6,45,29,1,1,0,1
39,36,6,49,0,0,1,0
12,38,46,4,1,1,1,0
50,33,16,48,1,1,1,1
20,46,44,37,0,1,0,1
17,27,19,18,1,0,0,1
5,28,46,44,0,0,1,0
23,35,29,31,0,1,1,1
22,33,21,30,1,1,0,0
37,44,3,19,1,0,1,0
29,11,43,19,1,0,1,0
47,18,12,46,0,1,1,1
48,21,44,21,1,0,0,0
7,35,47,19,0,1,0,0
2,15,41,28,0,0,0,0
8,1,13,43,0,1,0,1
47,49,19,46,0,0,0,1
45,10,33,29,0,0,1,1
34,29,24,48,0,1,0,1
1,33,45,6,1,1,0,1
48,42,24,45,1,0,0,0
33,37,26,16,1,1,1,1
6,30,4,28,1,0,0,0
41,21,41,11,0,0,0,0
13,39,5,28,0,0,0,0
15,2,34,8,0,0,0,0
49,11,1,8,0,0,1,0
47,5,19,9,0,0,0,0
48,27,31,31,1,0,1,1
34,42,17,14,0,0,1,1
23,16,3,17,0,1,1,1
25,32,20,25,1,0,0,1
2,32,16,32,0,0,1,0
38,18,49,34,1,1,0,0
44,11,48,33,0,0,1,1
32,21,27,31,0,0,0,1
39,44,25,42,0,0,1,0
47,40,44,13,0,0,0,0
42,24,35,13,0,0,1,0
41,2,37,49,0,0,1,0
25,10,15,18,1,0,0,1
37,3,13,35,1,1,0,1
1,10,32,10,1,0,0,0
2,26,25,2,0,1,1,0
50,49,39,12,1,0,0,1
5,27,4,18,0,0,0,1
6,43,7,48,1,1,0,1
50,44,1,16,1,0,1,1
5,44,25,36,0,0,1,0
17,20,44,12,1,0,0,1
44,43,25,34,0,1,1,0
34,33,47,5,0,1,0,0
36,5,29,14,0,0,1,1
41,38,11,41,0,1,0,0
39,19,47,32,0,0,0,0
50,32,49,42,1,0,0,0
46,32,3,36,1,0,1,0
12,8,44,21,1,0,0,0
18,19,10,37,1,0,0,1
47,28,10,4,0,0,0,0
11,18,1,50,0,1,1,1
25,29,28,44,1,1,0,0
6,32,49,15,1,0,0,0
30,4,17,38,0,0,1,1
8,7,25,13,0,0,1,0
17,28,49,32,1,0,0,0
11,5,1,35,0,0,1,1
23,38,26,47,0,1,1,0
33,4,42,9,1,0,0,0
6,10,17,35,1,0,1,1
33,12,35,42,1,1,1,0
33,3,30,33,1,1,0,1
30,14,39,15,0,1,0,0
40,11,7,45,0,0,0,0
18,33,20,3,1,1,0,1
8,35,3,1,0,1,1,1
2,25,37,24,0,1,1,0
22,25,5,33,1,1,0,1
11,38,31,38,0,1,1,1
45,15,34,6,0,0,0,1
49,5,45,36,0,0,0,0
40,4,44,23,0,0,0,0
11,47,38,23,0,0,1,0
1,3,5,14,1,1,0,1
25,28,15,47,1,0,0,0
46,8,25,3,1,0,1,1
43,27,36,34,1,0,0,0
2,11,10,1,0,0,0,1
41,41,50,37,0,0,1,1
18,37,47,16,1,1,0,1
36,37,33,5,0,1,1,0
22,24,11,2,1,0,0,0
30,37,17,35,0,1,1,1
38,15,20,18,1,0,0,1
4,26,21,21,0,1,0,0
26,16,2,34,1,1,0,0
7,34,41,15,0,0,0,0
16,6,32,41,1,1,0,0
31,23,14,32,1,0,1,0
1,33,24,14,1,1,0,1
28,21,15,49,0,0,0,0
17,32,24,1,1,0,0,1
22,7,32,46,1,0,0,1
24,21,38,31,0,0,1,1
43,32,31,40,1,0,1,0
19,42,39,18,0,0,0,1
6,24,2,32,1,0,0,0
5,16,8,15,0,1,0,0
21,35,8,40,0,1,0,0
18,44,21,12,1,0,0,1
19,23,21,14,0,0,0,1
6,2,41,3,1,0,0,1
47,40,43,31,0,0,1,1
34,13,17,42,0,0,1,0
47,47,39,10,0,0,0,0
25,30,8,13,1,0,0,0
32,36,8,16,0,0,0,1
32,32,13,6,0,0,0,1
25,21,10,38,1,0,0,1
1,13,22,42,1,0,1,0
25,5,23,34,1,0,0,0
18,14,9,3,1,1,0,1
18,6,21,1,1,1,0,1
10,23,21,49,0,0,0,0
25,6,23,20,1,1,0,0
25,19,6,48,1,0,1,1
37,31,18,25,1,1,1,1
43,30,7,24,1,0,0,0
3,11,41,31,1,0,0,1
26,37,47,11,1,1,0,0
50,3,46,21,1,1,1,0
38,13,44,39,1,0,0,0
35,21,12,34,1,0,1,0
25,29,7,22,1,1,0,1
49,25,19,40,0,1,0,0
18,22,42,49,1,1,0,0
35,37,28,48,1,1,0,1
33,7,42,20,1,0,0,0
34,43,46,48,0,1,1,1
11,23,25,41,0,0,1,0
6,41,3,33,1,0,1,1
23,12,43,28,0,1,1,0
3,49,7,31,1,0,0,1
25,14,45,35,1,1,0,1
48,10,6,17,1,0,1,1
42,47,33,50,0,0,1,1
39,17,17,14,0,1,1,1
35,36,4,7,1,0,0,0
43,43,40,21,1,1,0,0
16,32,9,12,1,0,0,1
18,50,35,2,1,1,1,0
29,2,29,46,1,0,1,1
20,25,32,45,0,1,0,0
47,6,47,31,0,1,0,1
30,5,34,35,0,0,0,1
33,20,32,30,1,0,0,0
44,13,43,42,0,0,1,0
3,5,12,5,1,0,1,0
7,2,17,9,0,0,1,0
5,1,5,3,0,1,0,1
20,2,42,29,0,0,0,1
38,39,48,21,1,0,1,0
6,42,13,15,1,0,0,0
5,9,16,32,0,0,1,0
30,36,30,13,0,0,0,0
32,17,24,10,0,1,0,0
6,46,3,21,1,1,1,0
50,12,10,31,1,1,0,1
12,38,32,22,1,1,0,1
32,19,3,2,0,0,1,0
25,11,37,44,1,0,1,0
13,14,20,26,0,1,0,1
31,29,22,13,1,1,1,0
24,10,40,24,0,0,0,0
9,19,10,41,0,0,0,0
5,21,25,42,0,0,1,0
36,14,11,7,0,1,0,0
31,25,50,2,1,1,1,0
33,17,7,8,1,1,0,0
12,36,1,42,1,0,1,0
7,37,13,27,0,1,0,0
28,11,14,41,0,0,1,0
7,13,33,14,0,0,1,1
13,5,49,37,0,0,0,1
42,7,25,1,0,0,1,1
37,9,50,35,1,0,0,1
35,10,38,18,1,1,0,0
44,17,33,41,1,0,1,1
30,38,17,17,1,0,0,0
13,37,3,11,1,1,1,1
16,35,9,42,1,1,0,1
2,33,7,2,0,1,0,0
9,32,15,11,0,0,0,1
47,42,19,16,1,1,1,1
11,2,1,21,1,0,0,1
45,29,9,8,1,1,0,1
26,10,29,42,0,1,1,1
15,29,50,7,0,1,0,0
21,7,36,25,1,0,1,1
3,10,1,26,1,1,0,0
14,36,3,25,0,1,1,1
25,5,37,48,1,1,1,1
8,26,3,1,1,0,1,0
40,7,7,46,1,0,0,1
30,42,48,41,1,1,1,1
19,5,18,50,1,1,0,0
11,24,47,33,1,1,1,1
5,45,23,47,1,1,1,1
40,6,25,36,1,1,1,1
18,36,36,16,0,1,1,1
22,47,35,45,0,1,1,1
16,37,12,30,1,1,1,1
9,5,41,13,0,1,1,1
40,37,8,29,1,1,1,1
15,34,32,18,0,1,0,0
15,18,38,3,0,0,0,1
11,15,15,13,1,0,0,1
34,31,49,10,1,0,0,1
22,47,30,16,0,1,1,1
28,19,35,13,1,1,1,1
30,20,30,45,1,1,1,1
18,31,13,23,0,0,1,1
30,30,10,24,1,1,1,1
30,19,19,38,1,1,1,0
20,1,15,42,1,0,0,1
4,38,32,47,1,0,0,1
45,2,48,5,1,0,1,1
40,23,11,13,1,1,1,1
38,29,37,33,0,1,1,1
7,22,31,29,0,0,0,1
33,34,25,39,1,1,1,0
34,14,28,24,1,0,1,1
30,19,47,3,1,1,1,1
30,29,34,13,1,1,1,1
26,3,38,19,0,1,0,1
12,26,22,4,1,0,0,1
14,19,45,2,0,1,1,0
40,34,10,35,1,1,1,1
4,29,11,38,1,1,1,0
2,36,8,19,0,1,1,1
3,18,41,1,1,0,1,0
13,21,30,32,1,1,1,0
41,30,47,38,1,1,1,0
27,21,13,10,0,1,1,1
43,20,45,21,1,1,1,1
46,49,34,8,1,0,1,1
48,46,35,28,1,1,1,1
7,37,45,49,0,1,1,0
10,13,31,48,1,1,0,1
10,17,40,7,1,0,1,0
37,40,35,37,1,1,1,1
43,45,3,11,1,1,1,1
30,37,24,29,1,1,1,1
21,38,50,24,1,0,0,1
42,31,5,1,1,0,1,0
33,11,8,16,1,1,1,1
46,33,49,7,1,1,0,0
33,41,46,50,1,1,1,0
29,29,8,46,1,1,1,1
47,10,43,22,1,1,1,0
10,3,9,16,1,1,0,1
16,16,8,2,1,1,1,0
40,6,38,47,1,1,0,1
35,10,40,39,1,1,1,0
2,5,3,49,0,1,1,0
16,2,44,27,1,0,1,0
48,23,29,44,1,1,1,1
6,30,30,2,1,1,1,0
31,41,15,5,0,1,0,1
46,44,50,31,1,1,0,0
36,23,28,23,1,1,1,1
46,17,30,27,1,0,1,0
5,36,15,27,1,1,0,0
42,13,31,42,1,1,0,1
13,42,17,49,1,1,0,0
17,33,17,47,0,1,0,1
46,23,50,40,1,1,0,1
43,12,11,43,1,1,1,1
48,16,41,4,1,1,1,1
25,1,12,25,1,0,1,1
45,4,25,34,1,1,1,1
16,30,44,47,1,1,1,1
22,45,15,12,0,1,0,1
4,30,6,28,1,1,1,1
24,41,22,30,1,1,0,1
5,17,8,9,1,0,1,0
33,16,34,1,1,1,1,0
23,18,44,7,1,0,1,0
43,42,31,36,1,1,0,1
31,31,2,7,0,0,0,0
44,30,38,17,1,1,0,0
37,2,3,37,1,0,1,1
9,36,3,19,0,1,1,1
25,34,9,40,1,1,0,1
25,6,15,16,1,1,0,1
41,18,50,47,1,0,0,1
36,40,21,2,1,1,1,0
3,11,50,34,1,1,0,1
31,29,8,42,0,1,1,1
18,34,11,4,0,1,1,1
25,22,9,30,1,0,0,1
34,14,40,17,1,0,1,0
27,38,9,8,0,0,0,1
40,22,31,9,1,0,0,0
5,26,39,31,1,0,0,0
10,33,6,24,1,1,1,1
7,15,48,34,0,0,1,1
40,46,46,45,1,1,1,1
3,11,23,42,1,1,1,1
43,33,34,34,1,1,1,1
45,7,17,2,1,0,0,0
40,41,33,27,1,1,1,0
24,18,43,3,1,0,1,1
33,23,33,47,1,1,1,1
23,42,7,43,1,1,0,1
38,42,46,39,0,1,1,0
26,13,41,37,0,1,1,1
26,18,50,46,0,0,0,1
41,31,45,46,1,0,1,1
50,32,34,35,0,0,1,1
22,8,20,19,0,1,1,1
47,17,29,46,1,0,1,1
22,42,27,32,0,1,0,0
15,21,23,11,0,1,1,1
13,15,46,16,1,0,1,1
36,18,5,19,1,0,1,1
23,19,3,48,1,1,1,1
45,17,37,4,1,0,1,1
43,2,49,31,1,0,0,0
39,37,48,29,0,1,1,1
10,45,28,40,1,1,1,1
31,7,6,16,0,0,1,1
22,9,50,18,0,0,0,0
14,41,19,22,0,1,1,0
19,36,39,29,1,1,0,1
4,36,22,10,1,1,0,1
41,6,22,21,1,1,0,1
29,14,43,40,1,0,1,1
9,37,9,28,0,1,0,1
7,32,27,7,0,0,0,0
10,46,17,26,1,1,0,0
33,49,39,39,1,0,0,0
1,19,50,31,0,1,0,0
43,25,30,42,1,1,1,1
47,23,10,8,1,1,1,1
43,9,17,47,1,0,0,1
40,48,11,27,1,1,1,0
7,7,12,40,0,0,1,1
23,25,3,7,1,1,1,0
19,17,8,26,1,0,1,0
41,14,32,2,1,0,0,0
49,6,39,20,0,1,0,1
12,34,36,25,1,1,1,1
14,39,33,18,0,0,1,0
24,43,17,6,1,1,0,1
13,34,31,33,1,1,0,1
42,45,2,15,1,1,0,0
12,33,46,40,1,1,1,1
40,32,45,25,1,0,1,1
49,10,3,27,0,1,1,0
32,27,8,7,0,0,1,0
35,27,4,34,1,0,1,1
39,16,12,20,0,1,1,1
31,50,15,2,0,0,0,0
38,17,32,39,0,0,0,0
40,20,5,39,1,1,1,0
46,48,27,45,1,1,0,1
18,45,45,39,0,1,1,0
46,13,20,5,1,1,1,1
22,32,10,50,0,0,1,0
9,32,20,36,0,0,1,1
5,30,15,42,1,1,0,1
17,8,44,34,0,1,1,1
26,33,29,8,0,1,1,1
16,28,25,23,1,1,1,1
32,43,38,42,0,1,0,1
37,34,44,30,1,1,1,1
9,49,35,21,0,0,1,1
26,11,38,26,0,1,0,0
42,14,40,43,1,0,1,1
49,30,44,27,0,1,1,0
13,37,33,40,1,1,1,1
18,29,48,10,0,1,1,1
18,12,38,30,0,1,0,1
49,3,10,41,0,1,1,1
40,26,11,18,1,0,1,0
12,29,20,44,1,1,1,1
18,29,22,43,0,1,0,1
45,32,36,17,1,0,1,0
16,38,39,28,1,0,0,1
40,37,2,14,1,1,0,0
29,37,25,44,1,1,1,1
15,27,24,27,0,0,1,0
3,44,18,33,1,1,0,1
20,42,20,4,1,1,1,1
16,46,10,23,1,1,1,1
13,32,5,34,1,0,1,1
29,12,20,31,1,1,1,0
11,15,3,42,1,0,1,1
27,37,16,13,0,1,1,1
7,16,1,3,0,1,0,1
40,38,49,26,1,0,0,0
50,10,18,23,0,1,0,1
15,14,24,50,0,0,1,0
28,18,21,25,1,0,1,1
40,1,29,22,1,0,1,0
11,28,4,35,1,1,1,1
19,33,5,48,1,1,1,1
14,14,14,23,0,0,0,1
44,45,37,13,1,1,1,1
24,4,4,17,1,1,1,0
23,44,25,19,1,1,1,1
16,11,2,46,1,1,0,1
10,35,27,43,1,1,0,1
41,29,25,9,1,1,1,0
47,17,17,31,1,0,0,0
35,16,23,24,1,1,1,1
11,49,15,39,1,0,0,0
2,4,7,13,0,1,0,1
3,9,29,5,1,0,1,1
33,38,21,1,1,0,1,0
18,48,9,1,0,1,0,0
46,28,29,32,1,1,1,0
4,6,1,42,1,1,0,1
40,15,32,31,1,0,0,0
27,5,3,8,0,1,1,1
24,14,20,19,1,0,1,1
20,43,42,44,1,1,1,1
14,50,43,21,0,0,1,1
50,5,43,27,0,1,1,0
48,48,34,35,1,1,1,1
31,24,28,9,0,1,1,0
31,6,46,20,0,1,1,1
37,33,27,24,1,1,0,1
22,49,25,40,0,0,1,1
36,9,45,2,0,0,0,1
49,26,27,6,0,1,0,1
39,49,16,35,1,0,1,1
2,38,26,35,1,1,1,1
2,3,3,27,1,1,1,0
4,17,22,24,0,1,1,0
49,1,25,29,0,1,1,1
7,36,14,13,1,0,1,0
2,22,2,30,1,1,1,0
32,7,29,8,0,1,1,0
6,29,5,38,1,1,0,1
44,7,11,48,0,1,0,1
8,34,12,43,0,0,1,1
1,9,41,9,1,0,0,0
40,37,31,43,0,1,1,1
39,19,23,15,1,0,0,0
27,40,19,32,0,0,0,0
2,25,48,5,1,1,1,0
42,3,36,46,0,1,0,1
18,33,46,41,1,1,1,0
50,24,11,22,1,0,0,1
6,22,49,39,1,1,0,1
36,35,29,24,0,1,1,0
39,17,3,44,1,1,1,0
44,40,35,42,0,0,1,0
35,6,22,4,1,1,1,0
43,30,33,3,1,0,1,1
3,14,5,49,1,1,0,0
28,1,3,44,0,1,1,0
47,50,3,42,0,1,1,0
44,36,35,44,0,0,1,0
4,26,7,11,0,1,1,0
47,28,33,24,0,0,1,0
17,49,36,23,1,0,0,0
3,34,39,40,1,0,1,0
1,9,15,33,1,0,0,1
32,1,34,36,0,1,0,0
4,37,11,1,0,1,0,1
8,17,3,35,0,1,1,1
18,24,26,18,1,0,1,1
39,37,49,25,1,1,0,1
43,17,46,41,1,1,1,0
7,30,46,13,1,0,1,0
9,29,2,48,0,1,1,1
5,23,43,16,0,0,1,1
46,38,19,2,1,1,0,1
35,28,27,23,1,0,0,0
11,34,44,17,0,0,0,1
14,43,48,21,1,1,1,0
46,15,12,24,1,0,1,0
15,5,44,23,0,0,0,0
48,50,8,36,1,1,0,0
48,27,30,22,1,0,0,1
47,39,6,44,0,1,1,0
9,16,17,28,0,1,1,0
23,26,27,36,0,1,0,0
1,39,7,38,1,1,1,1
15,23,24,25,0,0,0,1
41,6,11,16,0,1,0,1
3,13,39,17,1,0,1,1
33,29,18,11,1,1,1,0
36,39,19,39,0,1,0,1
28,27,17,29,0,0,1,1
30,23,2,40,0,0,1,0
23,40,3,14,0,0,1,1
11,21,36,3,0,0,0,1
43,33,10,32,1,1,0,0
27,10,22,18,0,0,1,1
49,37,25,39,0,1,1,1
21,29,14,29,0,1,1,1
40,34,26,42,0,0,1,0
49,43,23,41,0,1,0,0
4,30,50,10,0,0,1,0
5,16,44,18,0,1,0,1
15,48,1,47,0,1,1,0
17,25,37,25,1,1,1,1
7,37,41,26,1,1,0,1
10,31,4,21,0,1,0,0
6,11,32,43,1,0,0,1
18,35,13,21,1,1,0,0
8,49,17,26,0,0,1,1
5,37,23,37,0,1,0,1
45,37,19,47,0,1,0,0
32,23,4,23,0,0,0,0
43,45,19,19,1,0,0,0
43,41,23,5,1,0,0,0
35,26,23,11,1,1,0,0
4,27,18,3,0,0,1,1
27,16,14,6,0,1,1,1
15,45,22,41,0,0,1,0
41,27,19,2,0,0,0,1
7,36,3,43,1,0,1,1
20,17,18,35,0,1,1,1
27,38,44,1,0,1,0,1
26,41,47,45,1,0,0,0
2,3,46,26,1,1,1,1
39,21,18,26,1,0,1,1
49,35,27,27,0,1,0,0
48,49,44,34,1,0,0,0
45,24,38,50,0,0,1,1
41,3,43,30,0,1,1,0
40,11,15,36,0,0,0,0
13,3,22,46,0,1,1,1
27,26,5,34,0,1,0,0
40,2,4,24,0,1,0,0
5,8,16,23,0,0,1,0
39,20,30,12,1,0,0,1
50,4,11,38,1,0,0,1
26,46,9,2,1,1,0,1
31,10,37,26,1,0,1,1
28,25,29,24,0,1,1,0
34,41,13,26,0,0,0,1
4,2,44,14,0,1,0,1
20,47,48,41,0,0,1,0
47,9,34,20,0,0,0,0
2,4,27,32,1,0,0,0
14,24,38,35,1,0,1,1
27,48,9,25,0,1,0,1
48,24,50,8,1,0,1,0
2,47,46,25,1,0,1,1
25,23,20,15,1,0,0,0
25,8,32,6,1,0,0,1
31,22,13,3,1,1,0,1
47,32,34,40,0,0,0,0
3,42,31,49,1,0,1,0
31,19,29,6,1,0,1,1
50,49,25,41,1,0,1,0
20,6,28,12,0,1,0,1
16,30,20,37,1,0,0,1
39,17,24,27,1,1,0,0
46,13,23,45,1,0,0,0
45,15,43,36,0,0,1,0
42,6,35,2,0,1,1,1
1,29,37,32,1,1,1,0
14,48,26,20,1,1,1,0
8,11,45,1,0,0,0,1
33,4,38,30,1,0,1,0
1,12,36,26,1,1,0,1
11,46,15,23,0,1,0,0
39,48,33,49,1,1,1,0
27,33,20,26,0,1,0,1
40,4,35,42,0,0,1,0
36,33,4,49,0,1,0,0
47,17,29,25,0,1,1,1
15,23,16,4,0,0,1,0
32,48,18,23,0,1,1,0
30,2,50,7,0,1,1,1
23,32,1,8,0,0,1,0
27,11,25,6,0,0,1,1
29,40,42,19,1,0,0,0
40,36,26,2,0,0,1,1
33,14,38,33,1,1,1,1
26,16,33,30,1,1,1,0
14,5,38,26,1,0,1,1
13,43,47,46,0,1,0,1
28,28,40,26,0,0,0,1
34,28,47,8,0,0,0,0
44,6,12,5,0,1,1,0
14,7,20,13,1,1,0,0
38,4,1,27,1,0,1,0
15,39,31,13,0,1,1,0
20,23,23,27,0,0,0,0
39,9,10,44,1,0,0,0
39,2,43,48,1,1,1,1
8,48,48,35,0,1,1,1
39,38,26,41,1,1,1,0
6,17,41,2,1,1,0,1
29,32,20,26,1,0,0,1
2,30,42,39,1,0,0,1
21,39,23,20,0,1,0,0
40,38,26,39,0,1,1,1
30,3,26,11,0,1,1,0
12,14,11,28,1,1,0,0
49,43,1,37,0,1,1,1
45,43,26,6,0,1,1,1
12,48,16,5,1,1,1,0
15,5,26,22,0,0,1,1
4,41,27,17,0,0,0,1
25,39,25,17,1,1,1,1
43,4,40,37,1,0,0,1
11,8,48,8,0,0,1,0
21,7,18,39,0,1,1,1
14,7,20,12,1,1,0,1
27,3,12,43,0,1,1,1
24,34,11,41,0,0,0,0
25,39,31,49,1,1,1,0
13,31,2,5,0,1,1,0
37,31,22,49,1,1,1,0
20,25,13,14,0,1,0,1
5,18,43,21,0,1,1,0
14,36,22,38,1,0,1,1
18,1,14,36,1,1,1,0
9,48,43,45,0,1,1,0
28,48,38,6,0,1,1,1
21,38,25,1,0,1,1,1
28,37,10,4,0,1,0,0
19,25,40,15,0,1,0,0
25,19,23,19,1,0,0,0
7,46,24,6,1,1,0,1
20,19,27,10,0,0,0,0
18,6,47,19,1,1,0,0
